"CZ_TYPE","US_FIPS","lat","long"
"C",1001,32.532237,-86.64644
"C",1003,30.659218,-87.746067
"C",1005,31.870253,-85.405104
"C",1007,33.015893,-87.127148
"C",1009,33.977358,-86.56644
"C",1011,32.101759,-85.717261
"C",1013,31.751667,-86.681969
"C",1015,33.770516,-85.827909
"C",1017,32.915504,-85.394032
"C",1019,34.069515,-85.654242
"C",1021,32.854051,-86.726607
"C",1023,31.990954,-88.248889
"C",1025,31.685521,-87.818624
"C",1027,33.2704,-85.863525
"C",1029,33.671964,-85.516126
"C",1031,31.402258,-85.989602
"C",1033,34.703112,-87.801457
"C",1035,31.430926,-86.988722
"C",1037,32.931445,-86.243482
"C",1039,31.243987,-86.448721
"C",1041,31.732826,-86.319222
"C",1043,34.131923,-86.869267
"C",1045,31.430654,-85.609476
"C",1047,32.33354,-87.114356
"C",1049,34.460929,-85.803992
"C",1051,32.597229,-86.142735
"C",1053,31.122287,-87.16841
"C",1055,34.047641,-86.034263
"C",1057,33.716157,-87.764292
"C",1059,34.441989,-87.842814
"C",1061,31.092382,-85.821022
"C",1063,32.844497,-87.9642
"C",1065,32.752796,-87.623061
"C",1067,31.516978,-85.239971
"C",1069,31.158183,-85.296411
"C",1071,34.764114,-85.980056
"C",1073,33.553444,-86.896536
"C",1075,33.787085,-88.087431
"C",1077,34.904122,-87.650997
"C",1079,34.529776,-87.321865
"C",1081,32.604064,-85.353048
"C",1083,34.810239,-86.981399
"C",1085,32.147888,-86.650586
"C",1087,32.387027,-85.692887
"C",1089,34.764238,-86.55108
"C",1091,32.247591,-87.791091
"C",1093,34.138219,-87.881551
"C",1095,34.309564,-86.321668
"C",1097,30.684572,-88.196568
"C",1099,31.580332,-87.383266
"C",1101,32.202881,-86.204461
"C",1103,34.454484,-86.846402
"C",1105,32.639005,-87.293827
"C",1107,33.296793,-88.096863
"C",1109,31.798651,-85.941604
"C",1111,33.296475,-85.464068
"C",1113,32.289811,-85.18698
"C",1115,33.712963,-86.315663
"C",1117,33.263043,-86.678089
"C",1119,32.597481,-88.200057
"C",1121,33.369314,-86.17593
"C",1123,32.863308,-85.799618
"C",1125,33.29022,-87.522783
"C",1127,33.791558,-87.301094
"C",1129,31.405217,-88.197564
"C",1131,31.990082,-87.304935
"C",1133,34.154566,-87.365346
"C",2013,55.245044,-161.997477
"C",2016,51.948964,179.621188
"C",2020,61.17425,-149.284329
"C",2050,60.929141,-160.152625
"C",2060,58.741647,-156.966909
"C",2068,63.682039,-150.027016
"C",2070,59.543326,-158.267123
"C",2090,64.676044,-146.548159
"C",2100,59.098404,-135.575791
"C",2105,58.253462,-136.320731
"C",2110,58.37291,-134.178445
"C",2122,60.360766,-152.05264
"C",2130,55.449938,-131.106685
"C",2150,57.7044,-153.918372
"C",2158,62.283588,-163.190171
"C",2164,58.108507,-156.413413
"C",2170,62.279094,-149.619094
"C",2180,64.783686,-164.188912
"C",2185,69.449343,-153.47283
"C",2188,67.005066,-160.021086
"C",2195,57.112458,-133.008598
"C",2198,55.682773,-133.162389
"C",2220,57.193204,-135.367396
"C",2230,59.560379,-135.338279
"C",2240,63.864997,-143.218628
"C",2261,61.349843,-145.023109
"C",2275,56.317416,-132.343978
"C",2282,60.017453,-140.416942
"C",2290,65.375727,-151.57785
"C",4001,35.385084,-109.490172
"C",4003,31.840129,-109.775163
"C",4005,35.829692,-111.773728
"C",4007,33.789618,-110.81187
"C",4009,32.931828,-109.87831
"C",4011,33.238872,-109.242323
"C",4012,33.72761,-114.038806
"C",4013,33.345176,-112.49893
"C",4015,35.717705,-113.749689
"C",4017,35.390785,-110.321025
"C",4019,32.128043,-111.783657
"C",4021,32.918521,-111.36634
"C",4023,31.525733,-110.845228
"C",4025,34.631071,-112.577225
"C",4027,32.773942,-113.910905
"C",5001,34.28957,-91.376547
"C",5003,33.190835,-91.772267
"C",5005,36.280268,-92.329949
"C",5007,36.337819,-94.256298
"C",5009,36.304299,-93.079236
"C",5011,33.466549,-92.169156
"C",5013,33.56046,-92.513879
"C",5015,36.33737,-93.540972
"C",5017,33.267139,-91.297158
"C",5019,34.053316,-93.176208
"C",5021,36.367302,-90.418704
"C",5023,35.566315,-92.05995
"C",5025,33.893201,-92.188714
"C",5027,33.223038,-93.232843
"C",5029,35.265702,-92.689248
"C",5031,35.827729,-90.631421
"C",5033,35.583011,-94.236219
"C",5035,35.211879,-90.315332
"C",5037,35.285692,-90.763984
"C",5039,33.967823,-92.653999
"C",5041,33.828752,-91.244103
"C",5043,33.587242,-91.722778
"C",5045,35.146548,-92.336928
"C",5047,35.508558,-93.887665
"C",5049,36.383619,-91.819664
"C",5051,34.578852,-93.146932
"C",5053,34.285568,-92.422979
"C",5055,36.120607,-90.566346
"C",5057,33.735953,-93.664355
"C",5059,34.315177,-92.944147
"C",5061,34.083064,-93.990931
"C",5063,35.737499,-91.559942
"C",5065,36.094879,-91.913625
"C",5067,35.596467,-91.223205
"C",5069,34.277239,-91.929673
"C",5071,35.573359,-93.466322
"C",5073,33.240629,-93.611514
"C",5075,36.041098,-91.101153
"C",5077,34.779505,-90.779717
"C",5079,33.957675,-91.727626
"C",5081,33.699497,-94.229774
"C",5083,35.218654,-93.72091
"C",5085,34.755114,-91.894132
"C",5087,36.012545,-93.724053
"C",5089,36.266664,-92.678577
"C",5091,33.305505,-93.901502
"C",5093,35.766944,-90.052207
"C",5095,34.679512,-91.20331
"C",5097,34.545656,-93.664153
"C",5099,33.666699,-93.305072
"C",5101,35.910742,-93.215898
"C",5103,33.591168,-92.878413
"C",5105,34.946363,-92.926877
"C",5107,34.423687,-90.855593
"C",5109,34.158191,-93.658659
"C",5111,35.56887,-90.681104
"C",5113,34.490915,-94.230884
"C",5115,35.456557,-93.026818
"C",5117,34.831116,-91.55362
"C",5119,34.770311,-92.312996
"C",5121,36.341298,-91.028441
"C",5123,35.022838,-90.751505
"C",5125,34.648525,-92.674463
"C",5127,34.858869,-94.063641
"C",5129,35.896387,-92.695888
"C",5131,35.196981,-94.274989
"C",5133,33.994877,-94.243279
"C",5135,36.173399,-91.471069
"C",5137,35.857001,-92.140482
"C",5139,33.168219,-92.598145
"C",5141,35.582953,-92.515976
"C",5143,35.978001,-94.217269
"C",5145,35.255118,-91.753034
"C",5147,35.192777,-91.244535
"C",5149,34.997713,-93.408303
"C",6001,37.647139,-121.912488
"C",6003,38.621783,-119.798352
"C",6005,38.44355,-120.653856
"C",6007,39.665959,-121.601919
"C",6009,38.1839,-120.561441
"C",6011,39.177739,-122.237563
"C",6013,37.919479,-121.951543
"C",6015,41.763958,-124.003614
"C",6017,38.785612,-120.534225
"C",6019,36.761006,-119.655019
"C",6021,39.602546,-122.4017
"C",6023,40.706655,-123.926176
"C",6025,33.040814,-115.3554
"C",6027,36.561977,-117.403927
"C",6029,35.346629,-118.729506
"C",6031,36.072478,-119.81553
"C",6033,39.094802,-122.746757
"C",6035,40.721086,-120.629952
"C",6037,34.196398,-118.261862
"C",6039,37.209821,-119.749802
"C",6041,38.051817,-122.745974
"C",6043,37.57003,-119.912861
"C",6045,39.432388,-123.442881
"C",6047,37.194806,-120.722802
"C",6049,41.592918,-120.71837
"C",6051,37.915836,-118.875167
"C",6053,36.240107,-121.315572
"C",6055,38.5071,-122.325904
"C",6057,39.297508,-120.771343
"C",6059,33.675687,-117.777207
"C",6061,39.062032,-120.722718
"C",6063,39.992295,-120.824371
"C",6065,33.729828,-116.002239
"C",6067,38.450016,-121.340441
"C",6069,36.611651,-121.085811
"C",6071,34.85722,-116.181197
"C",6073,33.023604,-116.776117
"C",6075,37.727239,-123.032229
"C",6077,37.934982,-121.272244
"C",6079,35.385224,-120.447544
"C",6081,37.414672,-122.371546
"C",6083,34.537057,-120.039973
"C",6085,37.220695,-121.69051
"C",6087,37.012488,-122.007205
"C",6089,40.760514,-122.043556
"C",6091,39.576925,-120.521993
"C",6093,41.587986,-122.533287
"C",6095,38.267226,-121.939594
"C",6097,38.525182,-122.92611
"C",6099,37.562316,-121.002831
"C",6101,39.03619,-121.70394
"C",6103,40.126157,-122.232274
"C",6105,40.647803,-123.114476
"C",6107,36.228834,-118.781055
"C",6109,38.021434,-119.964733
"C",6111,34.358741,-119.133143
"C",6113,38.679596,-121.902441
"C",6115,39.27013,-121.344259
"C",8001,39.874325,-104.331872
"C",8003,37.568442,-105.788041
"C",8005,39.644554,-104.331706
"C",8007,37.202395,-107.050863
"C",8009,37.30978,-102.543741
"C",8011,37.931891,-103.077584
"C",8013,40.09497,-105.397691
"C",8014,39.953593,-105.050787
"C",8015,38.738223,-106.316683
"C",8017,38.835646,-102.601791
"C",8019,39.669732,-105.69257
"C",8021,37.213406,-106.176447
"C",8023,37.277547,-105.42894
"C",8025,38.30618,-103.772736
"C",8027,38.101996,-105.373512
"C",8029,38.861595,-107.864892
"C",8031,39.76185,-104.881105
"C",8033,37.711723,-108.524116
"C",8035,39.325414,-104.925987
"C",8037,39.626992,-106.695169
"C",8039,39.315157,-104.114076
"C",8041,38.827383,-104.527472
"C",8043,38.45517,-105.424958
"C",8045,39.599352,-107.90978
"C",8047,39.861156,-105.528878
"C",8049,40.113065,-106.110837
"C",8051,38.670499,-107.05688
"C",8053,37.821165,-107.338261
"C",8055,37.687815,-104.959928
"C",8057,40.663432,-106.329248
"C",8059,39.579511,-105.245462
"C",8061,38.387663,-102.756849
"C",8063,39.30534,-102.603023
"C",8065,39.205341,-106.350079
"C",8067,37.287367,-107.839718
"C",8069,40.658093,-105.486764
"C",8071,37.318831,-104.04411
"C",8073,38.99374,-103.507555
"C",8075,40.728091,-103.090464
"C",8077,39.019524,-108.460571
"C",8079,37.549067,-107.003236
"C",8081,40.610864,-108.217154
"C",8083,37.338025,-108.595786
"C",8085,38.407507,-108.266282
"C",8087,40.263159,-103.81221
"C",8089,37.88417,-103.72126
"C",8091,38.154731,-107.78848
"C",8093,39.118914,-105.717648
"C",8095,40.594712,-102.345105
"C",8097,39.217538,-106.916159
"C",8099,37.958181,-102.392161
"C",8101,38.170658,-104.489892
"C",8103,39.972622,-108.200716
"C",8105,37.485853,-106.453128
"C",8107,40.483664,-106.987702
"C",8109,38.031651,-106.234666
"C",8111,37.781049,-107.670257
"C",8113,38.009319,-108.427263
"C",8115,40.871568,-102.355358
"C",8117,39.621023,-106.137555
"C",8119,38.869976,-105.187365
"C",8121,39.96579,-103.209744
"C",8123,40.555961,-104.383666
"C",8125,40.00077,-102.421649
"C",9001,41.227413,-73.367061
"C",9003,41.806053,-72.732916
"C",9005,41.791883,-73.235404
"C",9007,41.433003,-72.52278
"C",9009,41.349718,-72.900203
"C",9011,41.472652,-72.108634
"C",9013,41.858081,-72.340978
"C",9015,41.824999,-71.990702
"C",10001,39.097088,-75.502982
"C",10003,39.575915,-75.644132
"C",10005,38.673227,-75.337024
"C",11001,38.904247,-77.016517
"C",12001,29.67574,-82.357221
"C",12003,30.324442,-82.302284
"C",12005,30.238218,-85.63168
"C",12007,29.952386,-82.166679
"C",12009,28.298311,-80.700333
"C",12011,26.193535,-80.476683
"C",12013,30.388801,-85.197915
"C",12015,26.868974,-81.941278
"C",12017,28.84364,-82.52481
"C",12019,29.986584,-81.865036
"C",12021,26.118786,-81.400955
"C",12023,30.221651,-82.623371
"C",12027,27.190581,-81.806253
"C",12029,29.580899,-83.195666
"C",12031,30.335245,-81.648113
"C",12033,30.611638,-87.3389
"C",12035,29.474891,-81.286253
"C",12037,29.810176,-84.799174
"C",12039,30.578687,-84.612607
"C",12041,29.723456,-82.795801
"C",12043,26.95481,-81.19082
"C",12045,29.907257,-85.256537
"C",12047,30.491187,-82.951071
"C",12049,27.492846,-81.82158
"C",12051,26.539967,-81.152114
"C",12053,28.573043,-82.466227
"C",12055,27.34108,-81.342353
"C",12057,27.906607,-82.349719
"C",12059,30.862007,-85.815939
"C",12061,27.700528,-80.574789
"C",12063,30.789249,-85.208814
"C",12065,30.424558,-83.890859
"C",12067,29.990066,-83.17851
"C",12069,28.764113,-81.712282
"C",12071,26.559035,-81.891994
"C",12073,30.45931,-84.2778
"C",12075,29.284457,-82.783462
"C",12077,30.259849,-84.86858
"C",12079,30.447233,-83.470416
"C",12081,27.481682,-82.368767
"C",12083,29.202805,-82.0431
"C",12085,27.083604,-80.398201
"C",12086,25.61058,-80.497099
"C",12087,24.768883,-80.95327
"C",12089,30.605963,-81.765087
"C",12091,30.665851,-86.594187
"C",12093,27.385592,-80.887388
"C",12095,28.514391,-81.323284
"C",12097,28.059027,-81.139312
"C",12099,26.649126,-80.448354
"C",12101,28.307711,-82.464832
"C",12103,27.903108,-82.739519
"C",12105,27.953649,-81.693534
"C",12107,29.593896,-81.732039
"C",12109,29.890487,-81.40004
"C",12111,27.379814,-80.443536
"C",12113,30.701269,-87.01289
"C",12115,27.184386,-82.365835
"C",12117,28.690092,-81.131989
"C",12119,28.714101,-82.074347
"C",12121,30.189244,-82.992754
"C",12123,30.009908,-83.609483
"C",12125,30.05428,-82.366918
"C",12127,29.057769,-81.161792
"C",12129,30.139432,-84.374846
"C",12131,30.631211,-86.176614
"C",12133,30.602217,-85.662797
"C",13001,31.739712,-82.290103
"C",13003,31.296806,-82.878151
"C",13005,31.55021,-82.451433
"C",13007,31.31958,-84.454881
"C",13009,33.05949,-83.255457
"C",13011,34.351922,-83.498441
"C",13013,33.992009,-83.712303
"C",13015,34.240917,-84.838188
"C",13017,31.740772,-83.147197
"C",13019,31.288652,-83.22787
"C",13021,32.808845,-83.694194
"C",13023,32.435403,-83.331717
"C",13025,31.197334,-81.982978
"C",13027,30.822934,-83.581905
"C",13029,32.017969,-81.438543
"C",13031,32.391711,-81.744021
"C",13033,33.060181,-82.000164
"C",13035,33.290355,-83.958221
"C",13037,31.521279,-84.62629
"C",13039,30.913358,-81.642019
"C",13043,32.40395,-82.071266
"C",13045,33.582237,-85.080527
"C",13047,34.900218,-85.139386
"C",13049,30.779904,-82.139644
"C",13051,31.980404,-81.085184
"C",13053,32.347445,-84.788021
"C",13055,34.474178,-85.345289
"C",13057,34.244317,-84.475057
"C",13059,33.952185,-83.367152
"C",13061,31.619831,-84.992583
"C",13063,33.542686,-84.355573
"C",13065,30.917653,-82.702614
"C",13067,33.93993,-84.574112
"C",13069,31.549245,-82.84494
"C",13071,31.189707,-83.769773
"C",13073,33.547631,-82.252296
"C",13075,31.152516,-83.429445
"C",13077,33.352897,-84.762138
"C",13079,32.709428,-83.979187
"C",13081,31.915148,-83.753531
"C",13083,34.852424,-85.506201
"C",13085,34.442608,-84.173261
"C",13087,30.880643,-84.58389
"C",13089,33.770661,-84.226343
"C",13091,32.164369,-83.167866
"C",13093,32.151995,-83.807167
"C",13095,31.532588,-84.20904
"C",13097,33.701242,-84.767314
"C",13099,31.324191,-84.906723
"C",13101,30.714008,-82.897376
"C",13103,32.36168,-81.343372
"C",13105,34.116413,-82.841909
"C",13107,32.5911,-82.299763
"C",13109,32.153083,-81.890153
"C",13111,34.866543,-84.317331
"C",13113,33.412717,-84.493941
"C",13115,34.263692,-85.213685
"C",13117,34.225143,-84.127408
"C",13119,34.375266,-83.227532
"C",13121,33.790034,-84.468182
"C",13123,34.690506,-84.454624
"C",13125,33.227491,-82.606913
"C",13127,31.21271,-81.49645
"C",13129,34.509667,-84.873862
"C",13131,30.875908,-84.24508
"C",13133,33.57674,-83.166613
"C",13135,33.959146,-84.023087
"C",13137,34.634392,-83.525875
"C",13139,34.317569,-83.8185
"C",13141,33.26922,-83.000465
"C",13143,33.795165,-85.220063
"C",13145,32.731549,-84.912432
"C",13147,34.348733,-82.96329
"C",13149,33.291347,-85.137886
"C",13151,33.452947,-84.154021
"C",13153,32.458287,-83.662522
"C",13155,31.604306,-83.277037
"C",13157,34.130905,-83.562557
"C",13159,33.316981,-83.689151
"C",13161,31.811615,-82.636825
"C",13163,33.058176,-82.420004
"C",13165,32.794563,-81.971524
"C",13167,32.694584,-82.66397
"C",13169,33.021664,-83.562196
"C",13171,33.07444,-84.146689
"C",13173,31.038197,-83.063164
"C",13175,32.39322,-82.926317
"C",13177,31.818419,-84.146681
"C",13179,31.807458,-81.457871
"C",13181,33.792151,-82.448299
"C",13183,31.749563,-81.74287
"C",13185,30.833145,-83.268995
"C",13187,34.56814,-83.998925
"C",13189,33.479623,-82.478733
"C",13191,31.488506,-81.372289
"C",13193,32.362686,-84.051231
"C",13195,34.128526,-83.203737
"C",13197,32.359312,-84.528735
"C",13199,33.029267,-84.667058
"C",13201,31.162931,-84.730398
"C",13205,31.228997,-84.192038
"C",13207,33.017435,-83.922938
"C",13209,32.172108,-82.533349
"C",13211,33.598696,-83.499435
"C",13213,34.797097,-84.73799
"C",13215,32.510197,-84.874946
"C",13217,33.544041,-83.855184
"C",13219,33.834125,-83.437728
"C",13221,33.866806,-83.074081
"C",13223,33.92103,-84.867169
"C",13225,32.571324,-83.831978
"C",13227,34.456746,-84.490351
"C",13229,31.353998,-82.21037
"C",13231,33.081224,-84.389848
"C",13233,33.996015,-85.188338
"C",13235,32.238803,-83.481845
"C",13237,33.32106,-83.37179
"C",13239,31.862938,-85.004798
"C",13241,34.883934,-83.40487
"C",13243,31.762651,-84.752311
"C",13245,33.361486,-82.074998
"C",13247,33.652081,-84.02637
"C",13249,32.263444,-84.322708
"C",13251,32.744751,-81.617585
"C",13253,30.93396,-84.867685
"C",13255,33.262348,-84.284905
"C",13257,34.552914,-83.290216
"C",13259,32.073225,-84.834912
"C",13261,32.042266,-84.204294
"C",13263,32.704603,-84.530029
"C",13265,33.559319,-82.875272
"C",13267,32.043768,-82.059208
"C",13269,32.554667,-84.251426
"C",13271,31.913641,-82.931063
"C",13273,31.777191,-84.439446
"C",13275,30.864619,-83.919815
"C",13277,31.457003,-83.525931
"C",13279,32.117812,-82.330626
"C",13281,34.902529,-83.732264
"C",13283,32.409586,-82.570882
"C",13285,33.034482,-85.02836
"C",13287,31.7248,-83.620319
"C",13289,32.665847,-83.425879
"C",13291,34.833333,-83.989257
"C",13293,32.881837,-84.292283
"C",13295,34.735802,-85.305456
"C",13297,33.783887,-83.731829
"C",13299,31.050881,-82.421507
"C",13301,33.419169,-82.688012
"C",13303,32.971843,-82.798112
"C",13305,31.547845,-81.912376
"C",13307,32.046691,-84.553828
"C",13309,32.105258,-82.733849
"C",13311,34.643776,-83.743417
"C",13313,34.801726,-84.968541
"C",13315,31.96272,-83.438259
"C",13317,33.779031,-82.747921
"C",13319,32.804266,-83.175512
"C",13321,31.551773,-83.84996
"C",15001,19.597764,-155.502443
"C",15003,21.580023,-158.123406
"C",15005,21.218764,-156.97401
"C",15007,22.012038,-159.705965
"C",15009,20.855931,-156.60155
"C",16001,43.451477,-116.244376
"C",16003,44.877004,-116.461624
"C",16005,42.692921,-112.228982
"C",16007,42.285892,-111.327517
"C",16009,47.218451,-116.633541
"C",16011,43.216357,-112.399206
"C",16013,43.394192,-113.955371
"C",16015,43.987275,-115.71511
"C",16017,48.316796,-116.612364
"C",16019,43.395171,-111.621878
"C",16021,48.773131,-116.524668
"C",16023,43.685101,-113.177631
"C",16025,43.502552,-114.772135
"C",16027,43.625796,-116.709058
"C",16029,42.786072,-111.544273
"C",16031,42.282313,-113.626328
"C",16033,44.290218,-112.354613
"C",16035,46.67257,-115.6535
"C",16037,44.273351,-114.252267
"C",16039,43.394698,-115.471205
"C",16041,42.173609,-111.822965
"C",16043,44.218091,-111.484429
"C",16045,44.061473,-116.398784
"C",16047,42.973185,-114.82142
"C",16049,45.849644,-115.467337
"C",16051,43.796965,-112.318588
"C",16053,42.691395,-114.262086
"C",16055,47.675966,-116.695922
"C",16057,46.81892,-116.730974
"C",16059,44.928506,-113.887042
"C",16061,46.236328,-116.42376
"C",16063,42.986181,-114.153899
"C",16065,43.788614,-111.656993
"C",16067,42.857211,-113.63984
"C",16069,46.333791,-116.760909
"C",16071,42.183895,-112.520449
"C",16073,42.572851,-116.18969
"C",16075,44.00243,-116.750238
"C",16077,42.694126,-112.844407
"C",16079,47.347694,-115.885092
"C",16081,43.760994,-111.211765
"C",16083,42.352309,-114.665639
"C",16085,44.85596,-115.618061
"C",16087,44.448223,-116.797792
"C",17001,39.986052,-91.194961
"C",17003,37.183658,-89.349516
"C",17005,38.885924,-89.436592
"C",17007,42.318983,-88.824295
"C",17009,39.962069,-90.750309
"C",17011,41.401304,-89.528377
"C",17013,39.164262,-90.666295
"C",17015,42.0709,-89.924189
"C",17017,39.969202,-90.245704
"C",17019,40.138985,-88.196975
"C",17021,39.545524,-89.279593
"C",17023,39.332334,-87.791683
"C",17025,38.746819,-88.482325
"C",17027,38.606295,-89.426228
"C",17029,39.51368,-88.220782
"C",17031,41.894294,-87.645455
"C",17033,39.002787,-87.760619
"C",17035,39.273121,-88.240619
"C",17037,41.894612,-88.768991
"C",17039,40.181499,-88.901853
"C",17041,39.766078,-88.222866
"C",17043,41.852058,-88.086039
"C",17045,39.679037,-87.74711
"C",17047,38.417095,-88.047941
"C",17049,39.047945,-88.592849
"C",17051,39.001125,-89.017923
"C",17053,40.596539,-88.224588
"C",17055,37.991852,-88.926321
"C",17057,40.46524,-90.202269
"C",17059,37.768677,-88.227964
"C",17061,39.355439,-90.387682
"C",17063,41.29241,-88.401054
"C",17065,38.085227,-88.539009
"C",17067,40.401318,-91.168801
"C",17069,37.517852,-88.266148
"C",17071,40.814471,-90.941246
"C",17073,41.350021,-90.130838
"C",17075,40.748867,-87.833601
"C",17077,37.786096,-89.381212
"C",17079,39.004874,-88.150763
"C",17081,38.30078,-88.92421
"C",17083,39.080195,-90.361385
"C",17085,42.362391,-90.21147
"C",17087,37.460709,-88.882131
"C",17089,41.939594,-88.42804
"C",17091,41.13951,-87.861117
"C",17093,41.58814,-88.430626
"C",17095,40.930945,-90.213792
"C",17097,42.326441,-87.435976
"C",17099,41.343341,-88.885931
"C",17101,38.718954,-87.730221
"C",17103,41.747447,-89.299362
"C",17105,40.894376,-88.552852
"C",17107,40.129277,-89.365309
"C",17109,40.455808,-90.678954
"C",17111,42.324298,-88.452245
"C",17113,40.494559,-88.844539
"C",17115,39.860237,-88.961529
"C",17117,39.265914,-89.92633
"C",17119,38.82712,-89.900227
"C",17121,38.648236,-88.920362
"C",17123,41.031119,-89.342371
"C",17125,40.236993,-89.913575
"C",17127,37.216119,-88.705658
"C",17129,40.022569,-89.794133
"C",17131,41.205605,-90.74177
"C",17133,38.277983,-90.179078
"C",17135,39.228068,-89.478141
"C",17137,39.717668,-90.205005
"C",17139,39.636896,-88.625726
"C",17141,42.041884,-89.320176
"C",17143,40.785972,-89.766993
"C",17145,38.084381,-89.368525
"C",17147,40.009033,-88.592355
"C",17149,39.625106,-90.889034
"C",17151,37.417169,-88.542374
"C",17153,37.215615,-89.127755
"C",17155,41.198961,-89.298347
"C",17157,38.056515,-89.82121
"C",17159,38.712187,-88.085452
"C",17161,41.468421,-90.572125
"C",17163,38.470198,-89.928546
"C",17165,37.751508,-88.545024
"C",17167,39.756867,-89.662425
"C",17169,40.156905,-90.613464
"C",17171,39.637002,-90.477771
"C",17173,39.384926,-88.798862
"C",17175,41.096908,-89.797411
"C",17177,42.349726,-89.665994
"C",17179,40.508074,-89.51626
"C",17181,37.485652,-89.244639
"C",17183,40.186754,-87.726778
"C",17185,38.445821,-87.839167
"C",17187,40.850441,-90.620223
"C",17189,38.35314,-89.417187
"C",17191,38.431857,-88.43243
"C",17193,38.087326,-88.178623
"C",17195,41.750673,-89.911005
"C",17197,41.448474,-87.978456
"C",17199,37.730353,-88.930018
"C",17201,42.337396,-89.161205
"C",17203,40.789787,-89.210587
"C",18001,40.745733,-84.93613
"C",18003,41.091909,-85.071791
"C",18005,39.205843,-85.897999
"C",18007,40.600939,-87.314786
"C",18009,40.472672,-85.32373
"C",18011,40.050892,-86.469014
"C",18013,39.195113,-86.230121
"C",18015,40.58498,-86.565141
"C",18017,40.753799,-86.355168
"C",18019,38.476217,-85.711122
"C",18021,39.393928,-87.115858
"C",18023,40.305944,-86.477567
"C",18025,38.289433,-86.440871
"C",18027,38.69609,-87.076943
"C",18029,39.14832,-84.973498
"C",18031,39.30598,-85.499831
"C",18033,41.401189,-85.000185
"C",18035,40.227543,-85.399262
"C",18037,38.373344,-86.873385
"C",18039,41.600693,-85.863986
"C",18041,39.639655,-85.185032
"C",18043,38.318081,-85.911847
"C",18045,40.121237,-87.234872
"C",18047,39.409762,-85.066964
"C",18049,41.050384,-86.265006
"C",18051,38.317398,-87.580523
"C",18053,40.515758,-85.654946
"C",18055,39.047147,-87.004771
"C",18057,40.053507,-86.021713
"C",18059,39.822529,-85.77315
"C",18061,38.186454,-86.103766
"C",18063,39.768963,-86.509908
"C",18065,39.929591,-85.397363
"C",18067,40.483537,-86.114118
"C",18069,40.826394,-85.478597
"C",18071,38.911957,-86.042516
"C",18073,41.017688,-87.118814
"C",18075,40.434956,-85.002331
"C",18077,38.783604,-85.44009
"C",18079,38.996229,-85.628103
"C",18081,39.496092,-86.094264
"C",18083,38.688391,-87.420354
"C",18085,41.244293,-85.861575
"C",18087,41.642462,-85.427845
"C",18089,41.472247,-87.374337
"C",18091,41.549013,-86.744739
"C",18093,38.839815,-86.48782
"C",18095,40.166203,-85.722454
"C",18097,39.782976,-86.135794
"C",18099,41.325003,-86.269036
"C",18101,38.705322,-86.801847
"C",18103,40.772883,-86.044258
"C",18105,39.160729,-86.52331
"C",18107,40.040296,-86.892715
"C",18109,39.482646,-86.447457
"C",18111,40.962399,-87.402172
"C",18113,41.404679,-85.417271
"C",18115,38.940527,-84.964299
"C",18117,38.547381,-86.489257
"C",18119,39.317339,-86.838845
"C",18121,39.77425,-87.19695
"C",18123,38.081436,-86.62654
"C",18125,38.397961,-87.232547
"C",18127,41.509914,-87.071313
"C",18129,38.027614,-87.868653
"C",18131,41.045272,-86.692538
"C",18133,39.665548,-86.853373
"C",18135,40.164079,-85.00579
"C",18137,39.100226,-85.260494
"C",18139,39.622379,-85.466446
"C",18141,41.617723,-86.288048
"C",18143,38.679431,-85.751898
"C",18145,39.524135,-85.792174
"C",18147,38.009697,-87.010375
"C",18149,41.284478,-86.644636
"C",18151,41.643467,-85.002405
"C",18153,39.089225,-87.415843
"C",18155,38.825854,-85.029681
"C",18157,40.389133,-86.893554
"C",18159,40.310229,-86.056207
"C",18161,39.623111,-84.925152
"C",18163,38.02007,-87.586166
"C",18165,39.854045,-87.462071
"C",18167,39.429143,-87.390375
"C",18169,40.843747,-85.795192
"C",18171,40.352658,-87.375847
"C",18173,38.097728,-87.272049
"C",18175,38.600613,-86.104751
"C",18177,39.863091,-85.006735
"C",18179,40.735273,-85.212974
"C",18181,40.75095,-86.864293
"C",18183,41.136426,-85.501892
"C",19001,41.328528,-94.478164
"C",19003,41.021656,-94.696906
"C",19005,43.274964,-91.382751
"C",19007,40.744296,-92.873061
"C",19009,41.679178,-94.904312
"C",19011,42.092547,-92.05763
"C",19013,42.471132,-92.3076
"C",19015,42.038642,-93.938358
"C",19017,42.780895,-92.327356
"C",19019,42.470328,-91.838666
"C",19021,42.741522,-95.141432
"C",19023,42.734757,-92.780153
"C",19025,42.38617,-94.643683
"C",19027,42.039492,-94.867647
"C",19029,41.333824,-94.933302
"C",19031,41.77236,-91.132611
"C",19033,43.074975,-93.250965
"C",19035,42.742737,-95.633262
"C",19037,43.059741,-92.31721
"C",19039,41.029191,-93.784096
"C",19041,43.081224,-95.149875
"C",19043,42.840985,-91.323576
"C",19045,41.898073,-90.534243
"C",19047,42.043119,-95.38909
"C",19049,41.68532,-94.040706
"C",19051,40.748089,-92.410345
"C",19053,40.736379,-93.78458
"C",19055,42.472937,-91.366767
"C",19057,40.915339,-91.186925
"C",19059,43.389611,-95.196057
"C",19061,42.463481,-90.878771
"C",19063,43.377984,-94.66937
"C",19065,42.864122,-91.840376
"C",19067,43.052741,-92.787367
"C",19069,42.736545,-93.271415
"C",19071,40.74259,-95.599182
"C",19073,42.042494,-94.388703
"C",19075,42.403339,-92.790244
"C",19077,41.683573,-94.501272
"C",19079,42.390768,-93.709198
"C",19081,43.075411,-93.743697
"C",19083,42.390208,-93.241669
"C",19085,41.688584,-95.827149
"C",19087,40.984802,-91.547259
"C",19089,43.365312,-92.321908
"C",19091,42.782221,-94.202775
"C",19093,42.39186,-95.507421
"C",19095,41.683918,-92.059123
"C",19097,42.164226,-90.574582
"C",19099,41.685551,-93.054147
"C",19101,41.005888,-91.966634
"C",19103,41.670668,-91.590529
"C",19105,42.125118,-91.116914
"C",19107,41.331182,-92.167721
"C",19109,43.212478,-94.213983
"C",19111,40.647588,-91.477157
"C",19113,42.077951,-91.597674
"C",19115,41.218211,-91.256994
"C",19117,41.033344,-93.331467
"C",19119,43.38358,-96.207201
"C",19121,41.330622,-94.015184
"C",19123,41.330797,-92.636366
"C",19125,41.331455,-93.093849
"C",19127,42.041691,-92.981452
"C",19129,41.033703,-95.619101
"C",19131,43.348564,-92.784466
"C",19133,42.049432,-95.956566
"C",19135,41.028847,-92.869642
"C",19137,41.021735,-95.15779
"C",19139,41.483776,-91.118699
"C",19141,43.083746,-95.625624
"C",19143,43.378542,-95.633788
"C",19145,40.73909,-95.14429
"C",19147,43.075337,-94.669055
"C",19149,42.737585,-96.215864
"C",19151,42.734033,-94.678279
"C",19153,41.684816,-93.568971
"C",19155,41.340184,-95.544905
"C",19157,41.684526,-92.522882
"C",19159,40.735334,-94.244251
"C",19161,42.387526,-95.105224
"C",19163,41.642079,-90.622289
"C",19165,41.679014,-95.308917
"C",19167,43.082646,-96.17801
"C",19169,42.037538,-93.466093
"C",19171,42.074848,-92.529411
"C",19173,40.737949,-94.697108
"C",19175,41.02855,-94.245091
"C",19177,40.754117,-91.952943
"C",19179,41.031275,-92.409466
"C",19181,41.332446,-93.568751
"C",19183,41.329401,-91.725052
"C",19185,40.739983,-93.332613
"C",19187,42.433579,-94.175831
"C",19189,43.378124,-93.743488
"C",19191,43.292989,-91.850788
"C",19193,42.39322,-96.053296
"C",19195,43.373491,-93.248533
"C",19197,42.733007,-93.734735
"C",20001,37.884228,-95.300945
"C",20003,38.215114,-95.292046
"C",20005,39.532544,-95.313397
"C",20007,37.222906,-98.685052
"C",20009,38.481239,-98.767837
"C",20011,37.8561,-94.850928
"C",20013,39.825931,-95.569905
"C",20015,37.773649,-96.83884
"C",20017,38.299475,-96.594029
"C",20019,37.154259,-96.245396
"C",20021,37.169392,-94.845698
"C",20023,39.789917,-101.727325
"C",20025,37.233831,-99.813869
"C",20027,39.344964,-97.168853
"C",20029,39.487329,-97.64139
"C",20031,38.23645,-95.729137
"C",20033,37.181442,-99.251293
"C",20035,37.234507,-96.837247
"C",20037,37.505821,-94.853897
"C",20039,39.783542,-100.459708
"C",20041,38.867735,-97.157943
"C",20043,39.788502,-95.147225
"C",20045,38.896417,-95.290947
"C",20047,37.883595,-99.304746
"C",20049,37.456026,-96.244642
"C",20051,38.914597,-99.317313
"C",20053,38.700845,-98.205355
"C",20055,38.049808,-100.739967
"C",20057,37.688416,-99.884748
"C",20059,38.558019,-95.278962
"C",20061,39.002139,-96.7681
"C",20063,38.917239,-100.48736
"C",20065,39.354972,-99.879894
"C",20067,37.547537,-101.299362
"C",20069,37.744513,-100.451716
"C",20071,38.480404,-101.80597
"C",20073,37.879347,-96.241732
"C",20075,37.995244,-101.793689
"C",20077,37.188184,-98.06659
"C",20079,38.050144,-97.436706
"C",20081,37.554979,-100.879952
"C",20083,38.087493,-99.898407
"C",20085,39.411145,-95.794485
"C",20087,39.239644,-95.375314
"C",20089,39.777002,-98.222618
"C",20091,38.883907,-94.82233
"C",20093,37.994461,-101.308136
"C",20095,37.552951,-98.144529
"C",20097,37.561231,-99.286539
"C",20099,37.191468,-95.297473
"C",20101,38.481286,-100.466185
"C",20103,39.189511,-95.038977
"C",20105,39.04728,-98.214284
"C",20107,38.216549,-94.844932
"C",20109,38.91327,-101.157402
"C",20111,38.455403,-96.161641
"C",20113,38.395812,-97.647489
"C",20115,38.359647,-97.102771
"C",20117,39.782709,-96.521243
"C",20119,37.243886,-100.360094
"C",20121,38.566772,-94.832963
"C",20123,39.393026,-98.207362
"C",20125,37.189537,-95.742403
"C",20127,38.688204,-96.651448
"C",20129,37.185249,-101.809516
"C",20131,39.791043,-96.005381
"C",20133,37.564283,-95.315682
"C",20135,38.480437,-99.908745
"C",20137,39.783867,-99.899235
"C",20139,38.650215,-95.708255
"C",20141,39.348261,-98.767942
"C",20143,39.137963,-97.654802
"C",20145,38.181477,-99.234772
"C",20147,39.784506,-99.34215
"C",20149,39.382187,-96.337113
"C",20151,37.647594,-98.74012
"C",20153,39.786198,-101.076738
"C",20155,37.948185,-98.078346
"C",20157,39.828906,-97.650883
"C",20159,38.347178,-98.201415
"C",20161,39.291211,-96.727489
"C",20163,39.346006,-99.324492
"C",20165,38.523596,-99.309184
"C",20167,38.91604,-98.770949
"C",20169,38.791804,-97.651478
"C",20171,38.481877,-100.90636
"C",20173,37.681045,-97.461054
"C",20175,37.18096,-100.855257
"C",20177,39.041805,-95.755664
"C",20179,39.350547,-100.441228
"C",20181,39.351352,-101.719859
"C",20183,39.78466,-98.785429
"C",20185,38.03563,-98.719889
"C",20187,37.565932,-101.789383
"C",20189,37.2017,-101.317268
"C",20191,37.236662,-97.493352
"C",20193,39.357713,-101.083386
"C",20195,38.921302,-99.865423
"C",20197,38.955154,-96.201262
"C",20199,38.926626,-101.771103
"C",20201,39.776714,-97.095611
"C",20203,38.481922,-101.347434
"C",20205,37.558515,-95.745175
"C",20207,37.888193,-95.758469
"C",20209,39.115384,-94.763087
"C",21001,37.105559,-85.28138
"C",21003,36.75077,-86.192458
"C",21005,38.005396,-84.986417
"C",21007,37.051323,-89.010367
"C",21009,36.962805,-85.932108
"C",21011,38.152249,-83.737641
"C",21013,36.728928,-83.680718
"C",21015,38.9589,-84.736371
"C",21017,38.202562,-84.20986
"C",21019,38.360004,-82.681406
"C",21021,37.618104,-84.868352
"C",21023,38.680365,-84.115235
"C",21025,37.517807,-83.317158
"C",21027,37.777988,-86.432919
"C",21029,37.969945,-85.702636
"C",21031,37.207013,-86.682471
"C",21033,37.148642,-87.870509
"C",21035,36.620978,-88.274086
"C",21037,38.946981,-84.379583
"C",21039,36.85718,-88.976614
"C",21041,38.668394,-85.124024
"C",21043,38.309549,-83.048796
"C",21045,37.321962,-84.92822
"C",21047,36.892059,-87.492986
"C",21049,37.970314,-84.145115
"C",21051,37.164273,-83.715473
"C",21053,36.727258,-85.136098
"C",21055,37.358149,-88.10501
"C",21057,36.782372,-85.388484
"C",21059,37.731671,-87.087139
"C",21061,37.227514,-86.218015
"C",21063,38.116883,-83.096116
"C",21065,37.692449,-83.963983
"C",21067,38.040675,-84.458274
"C",21069,38.367848,-83.699205
"C",21071,37.552456,-82.739724
"C",21073,38.234919,-84.868786
"C",21075,36.552511,-89.187659
"C",21077,38.760103,-84.862153
"C",21079,37.630162,-84.545856
"C",21081,38.649167,-84.625924
"C",21083,36.723344,-88.649897
"C",21085,37.458577,-86.344011
"C",21087,37.275382,-85.578483
"C",21089,38.563562,-82.93382
"C",21091,37.843325,-86.792761
"C",21093,37.695836,-85.963183
"C",21095,36.859223,-83.221497
"C",21097,38.444578,-84.334131
"C",21099,37.309097,-85.882123
"C",21101,37.792542,-87.572577
"C",21103,38.451383,-85.119647
"C",21105,36.675896,-88.972084
"C",21107,37.31107,-87.542196
"C",21109,37.403458,-84.020576
"C",21111,38.189532,-85.657624
"C",21113,37.873291,-84.58396
"C",21115,37.847756,-82.830121
"C",21117,38.930503,-84.533438
"C",21119,37.354368,-82.952546
"C",21121,36.8885,-83.855551
"C",21123,37.544462,-85.696841
"C",21125,37.113268,-84.119395
"C",21127,38.074453,-82.73829
"C",21129,37.608116,-83.719248
"C",21131,37.087846,-83.388617
"C",21133,37.118536,-82.861251
"C",21135,38.535047,-83.370143
"C",21137,37.457174,-84.658335
"C",21139,37.209517,-88.363426
"C",21141,36.859607,-86.881288
"C",21143,37.023976,-88.083391
"C",21145,37.054111,-88.712454
"C",21147,36.731136,-84.491052
"C",21149,37.526707,-87.265597
"C",21151,37.725511,-84.278362
"C",21153,37.698983,-83.069721
"C",21155,37.552604,-85.268959
"C",21157,36.882017,-88.332752
"C",21159,37.796774,-82.506623
"C",21161,38.594137,-83.828125
"C",21163,37.967476,-86.200863
"C",21165,37.935501,-83.589365
"C",21167,37.812085,-84.879695
"C",21169,36.99243,-85.633456
"C",21171,36.714077,-85.713508
"C",21173,38.038109,-83.912416
"C",21175,37.92294,-83.258944
"C",21177,37.213816,-87.134092
"C",21179,37.80312,-85.465931
"C",21181,38.338031,-84.026223
"C",21183,37.477859,-86.844871
"C",21185,38.400127,-85.456152
"C",21187,38.499395,-84.84159
"C",21189,37.423622,-83.691637
"C",21191,38.696284,-84.351943
"C",21193,37.241282,-83.217772
"C",21195,37.486031,-82.410912
"C",21197,37.809907,-83.831354
"C",21199,37.107374,-84.576953
"C",21201,38.513473,-84.06423
"C",21203,37.36105,-84.314368
"C",21205,38.204266,-83.428079
"C",21207,36.990587,-85.05495
"C",21209,38.28571,-84.57834
"C",21211,38.239011,-85.228247
"C",21213,36.740937,-86.581793
"C",21215,38.025411,-85.317174
"C",21217,37.36621,-85.328059
"C",21219,36.840338,-87.183642
"C",21221,36.807681,-87.858652
"C",21223,38.62004,-85.351208
"C",21225,37.658029,-87.95165
"C",21227,36.995634,-86.423579
"C",21229,37.754209,-85.175416
"C",21231,36.800772,-84.82659
"C",21233,37.51946,-87.68479
"C",21235,36.758024,-84.144648
"C",21237,37.743893,-83.49511
"C",21239,38.043103,-84.748855
"C",22001,30.291497,-92.411037
"C",22003,30.652744,-92.819605
"C",22005,30.206444,-90.912502
"C",22007,29.898853,-91.052465
"C",22009,31.088503,-91.983275
"C",22011,30.645018,-93.340253
"C",22013,32.340952,-93.041151
"C",22015,32.698481,-93.626561
"C",22017,32.577195,-93.882423
"C",22019,30.229559,-93.358015
"C",22021,32.101219,-92.114231
"C",22023,29.871812,-93.164948
"C",22025,31.666517,-91.846703
"C",22027,32.82716,-92.989728
"C",22029,31.469805,-91.626315
"C",22031,32.059248,-93.740797
"C",22033,30.54393,-91.093131
"C",22035,32.73017,-91.234141
"C",22037,30.839784,-91.043434
"C",22039,30.720693,-92.404086
"C",22041,32.139076,-91.672371
"C",22043,31.597787,-92.561716
"C",22045,30.007127,-91.976784
"C",22047,30.270628,-91.365848
"C",22049,32.30429,-92.5617
"C",22051,29.522281,-90.081001
"C",22053,30.269529,-92.816221
"C",22055,30.206507,-92.06417
"C",22057,29.491992,-90.394849
"C",22059,31.680083,-92.161596
"C",22061,32.601823,-92.662303
"C",22063,30.440419,-90.727474
"C",22065,32.346878,-91.231932
"C",22067,32.820008,-91.800399
"C",22069,31.732551,-93.082611
"C",22071,30.05342,-89.934502
"C",22073,32.480932,-92.151581
"C",22075,29.282447,-89.576068
"C",22077,30.708319,-91.604621
"C",22079,31.193204,-92.535953
"C",22081,32.101213,-93.34905
"C",22083,32.413158,-91.748353
"C",22085,31.560402,-93.559579
"C",22087,29.91811,-89.263494
"C",22089,29.905722,-90.357855
"C",22091,30.822539,-90.708307
"C",22093,30.024777,-90.793956
"C",22095,30.144068,-90.49096
"C",22097,30.583441,-91.989274
"C",22099,30.121433,-91.611481
"C",22101,29.629349,-91.463804
"C",22103,30.410022,-89.951962
"C",22105,30.621531,-90.40663
"C",22107,32.001489,-91.342576
"C",22109,29.33413,-90.843674
"C",22111,32.829349,-92.37565
"C",22113,29.789722,-92.291568
"C",22115,31.110563,-93.18152
"C",22117,30.852144,-90.046253
"C",22119,32.732152,-93.339825
"C",22121,30.464052,-91.309808
"C",22123,32.79248,-91.451998
"C",22125,30.872701,-91.421008
"C",22127,31.941187,-92.641269
"C",23001,44.167681,-70.207435
"C",23003,46.709193,-68.612409
"C",23005,43.808348,-70.330375
"C",23007,44.976724,-70.414935
"C",23009,44.564906,-68.370703
"C",23011,44.417012,-69.765764
"C",23013,44.042045,-69.038514
"C",23015,43.994781,-69.513624
"C",23017,44.4945,-70.734421
"C",23019,45.409284,-68.666616
"C",23021,45.915639,-69.102231
"C",23023,43.916845,-69.844227
"C",23025,45.503646,-69.95611
"C",23027,44.505834,-69.138952
"C",23029,44.967009,-67.609354
"C",23031,43.426019,-70.668425
"C",24001,39.612313,-78.703104
"C",24003,38.991617,-76.560894
"C",24005,39.443167,-76.616569
"C",24009,38.522719,-76.529762
"C",24011,38.871531,-75.831662
"C",24013,39.563331,-77.015328
"C",24015,39.562354,-75.941585
"C",24017,38.472853,-77.015427
"C",24019,38.429196,-76.047433
"C",24021,39.470214,-77.397628
"C",24023,39.547299,-79.274619
"C",24025,39.537429,-76.299789
"C",24027,39.252264,-76.924406
"C",24029,39.241279,-76.125987
"C",24031,39.137381,-77.203063
"C",24033,38.829288,-76.84818
"C",24035,39.040693,-76.082405
"C",24037,38.220289,-76.530384
"C",24039,38.07445,-75.853323
"C",24041,38.748349,-76.178476
"C",24043,39.603621,-77.814671
"C",24045,38.36737,-75.632083
"C",24047,38.222133,-75.309931
"C",24510,39.300032,-76.610476
"C",25001,41.799014,-70.21188
"C",25003,42.371493,-73.217928
"C",25005,41.748588,-71.088894
"C",25007,41.38097,-70.701499
"C",25009,42.642708,-70.864909
"C",25011,42.584504,-72.591792
"C",25013,42.136198,-72.635648
"C",25015,42.339459,-72.663694
"C",25017,42.481718,-71.394916
"C",25019,41.305878,-70.14191
"C",25021,42.171739,-71.181111
"C",25023,41.987196,-70.741942
"C",25025,42.338551,-71.018253
"C",25027,42.311693,-71.940282
"C",26001,44.682535,-82.834078
"C",26003,47.080077,-86.564108
"C",26005,42.595787,-86.634745
"C",26007,44.894954,-83.426574
"C",26009,45.005455,-85.175639
"C",26011,44.036833,-83.740675
"C",26013,46.695859,-88.36181
"C",26015,42.582811,-85.31455
"C",26017,43.699711,-83.978701
"C",26019,44.648621,-86.494326
"C",26021,41.791382,-86.742543
"C",26023,41.918455,-85.066885
"C",26025,42.24299,-85.012385
"C",26027,41.917243,-86.000142
"C",26029,45.513164,-85.450392
"C",26031,45.476022,-84.495431
"C",26033,46.321819,-84.52063
"C",26035,43.991137,-84.838325
"C",26037,42.950455,-84.591695
"C",26039,44.680175,-84.611343
"C",26041,45.805229,-86.901938
"C",26043,46.012825,-87.866123
"C",26045,42.58953,-84.84645
"C",26047,45.590094,-84.986822
"C",26049,43.021077,-83.706372
"C",26051,43.98975,-84.389816
"C",26053,46.461513,-89.806863
"C",26055,44.718688,-85.553848
"C",26057,43.292326,-84.60469
"C",26059,41.927461,-84.637479
"C",26061,46.998427,-88.651903
"C",26063,43.907616,-82.857045
"C",26065,42.603534,-84.373811
"C",26067,42.94465,-85.073766
"C",26069,44.329482,-82.849444
"C",26071,46.170254,-88.540526
"C",26073,43.645233,-84.839424
"C",26075,42.248474,-84.420868
"C",26077,42.246266,-85.532854
"C",26079,44.678881,-85.088992
"C",26081,43.032497,-85.547446
"C",26083,47.681974,-88.148797
"C",26085,43.995187,-85.8114
"C",26087,43.088633,-83.224325
"C",26089,45.146182,-86.051574
"C",26091,41.896022,-84.074356
"C",26093,42.602532,-83.911718
"C",26095,46.940602,-85.582368
"C",26097,46.167868,-85.303762
"C",26099,42.671553,-82.911456
"C",26101,44.350386,-86.602967
"C",26103,46.656596,-87.584028
"C",26105,43.996636,-86.750814
"C",26107,43.635295,-85.332751
"C",26109,45.536207,-87.501811
"C",26111,43.648203,-84.379414
"C",26113,44.325424,-85.085471
"C",26115,41.916097,-83.487106
"C",26117,43.312782,-85.149468
"C",26119,45.024134,-84.130107
"C",26121,43.289258,-86.751892
"C",26123,43.562712,-85.791372
"C",26125,42.660452,-83.38421
"C",26127,43.647255,-86.807575
"C",26129,44.33328,-84.128073
"C",26131,47.216602,-89.500463
"C",26133,43.997552,-85.322283
"C",26135,44.687257,-84.126905
"C",26137,45.021787,-84.576603
"C",26139,42.942461,-86.654946
"C",26141,45.489515,-83.384019
"C",26143,44.339517,-84.611271
"C",26145,43.328267,-84.05541
"C",26147,42.928803,-82.668913
"C",26149,41.911488,-85.52287
"C",26151,43.449155,-82.642815
"C",26153,46.021122,-86.197029
"C",26155,42.951545,-84.146352
"C",26157,43.487902,-83.436618
"C",26159,42.28215,-86.306076
"C",26161,42.252217,-83.843423
"C",26163,42.284664,-83.261953
"C",26165,44.331375,-85.570046
"C",27001,46.602446,-93.41976
"C",27003,45.27411,-93.242723
"C",27005,46.937629,-95.741757
"C",27007,47.879508,-95.00505
"C",27009,45.701225,-94.00144
"C",27011,45.419925,-96.402226
"C",27013,44.03371,-94.064012
"C",27015,44.246541,-94.733647
"C",27017,46.603818,-92.671044
"C",27019,44.82132,-93.800091
"C",27021,46.951745,-94.333705
"C",27023,45.028625,-95.564108
"C",27025,45.505444,-92.903849
"C",27027,46.898377,-96.494901
"C",27029,47.575873,-95.371117
"C",27031,47.538569,-90.290189
"C",27033,44.010639,-95.183152
"C",27035,46.491653,-94.070718
"C",27037,44.670893,-93.062481
"C",27039,44.020706,-92.869353
"C",27041,45.936829,-95.462156
"C",27043,43.676522,-93.947234
"C",27045,43.679187,-92.093937
"C",27047,43.674202,-93.350289
"C",27049,44.406178,-92.716
"C",27051,45.930743,-96.010699
"C",27053,45.006121,-93.475228
"C",27055,43.66699,-91.501556
"C",27057,47.095551,-94.91329
"C",27059,45.562431,-93.296339
"C",27061,47.490817,-93.611102
"C",27063,43.671111,-95.149731
"C",27065,45.94776,-93.297788
"C",27067,45.152714,-95.004981
"C",27069,48.77604,-96.780349
"C",27071,48.245374,-93.782896
"C",27073,44.999856,-96.176836
"C",27075,47.517111,-91.411704
"C",27077,48.7681,-94.904633
"C",27079,44.373424,-93.730143
"C",27081,44.408238,-96.272032
"C",27083,44.409195,-95.847268
"C",27085,44.821657,-94.272323
"C",27087,47.328387,-95.811089
"C",27089,48.362728,-96.357761
"C",27091,43.677118,-94.537252
"C",27093,45.123155,-94.527346
"C",27095,45.929043,-93.632996
"C",27097,46.020484,-94.266619
"C",27099,43.666249,-92.759514
"C",27101,44.015594,-95.761581
"C",27103,44.35882,-94.245684
"C",27105,43.677686,-95.763132
"C",27107,47.329453,-96.463776
"C",27109,43.999499,-92.410099
"C",27111,46.405727,-95.714581
"C",27113,48.069247,-96.037725
"C",27115,46.10094,-92.763094
"C",27117,44.015361,-96.257015
"C",27119,47.774254,-96.400027
"C",27121,45.589623,-95.446705
"C",27123,45.015204,-93.099965
"C",27125,47.865487,-96.08718
"C",27127,44.403536,-95.254241
"C",27129,44.723697,-94.955617
"C",27131,44.350734,-93.298505
"C",27133,43.669587,-96.263238
"C",27135,48.761068,-95.821504
"C",27137,47.578635,-92.51457
"C",27139,44.651805,-93.533731
"C",27141,45.453176,-93.76913
"C",27143,44.575734,-94.230123
"C",27145,45.555235,-94.610482
"C",27147,44.015261,-93.220453
"C",27149,45.593461,-95.992315
"C",27151,45.27581,-95.690124
"C",27153,46.066569,-94.900576
"C",27155,45.769935,-96.474832
"C",27157,44.289693,-92.23334
"C",27159,46.586986,-94.988608
"C",27161,44.01846,-93.589844
"C",27163,45.037929,-92.890117
"C",27165,43.978109,-94.613798
"C",27167,46.362335,-96.476657
"C",27169,43.982268,-91.776708
"C",27171,45.175091,-93.966396
"C",27173,44.715736,-95.862756
"C",28001,31.486224,-91.351797
"C",28003,34.886569,-88.581109
"C",28005,31.203933,-90.795542
"C",28007,33.090468,-89.588622
"C",28009,34.810518,-89.200285
"C",28011,33.799139,-90.88412
"C",28013,33.936634,-89.337114
"C",28015,33.440795,-89.918887
"C",28017,33.933277,-88.947558
"C",28019,33.345964,-89.251332
"C",28021,31.97281,-90.915424
"C",28023,32.045374,-88.687976
"C",28025,33.65967,-88.782468
"C",28027,34.22867,-90.603165
"C",28029,31.866915,-90.448758
"C",28031,31.633331,-89.548897
"C",28033,34.874266,-89.99324
"C",28035,31.18858,-89.259447
"C",28037,31.477773,-90.895457
"C",28039,30.855431,-88.642268
"C",28041,31.212845,-88.634811
"C",28043,33.770031,-89.80274
"C",28045,30.391641,-89.482791
"C",28047,30.416536,-89.083376
"C",28049,32.267788,-90.466017
"C",28051,33.125942,-90.091197
"C",28053,33.130996,-90.523421
"C",28055,32.755539,-91.003535
"C",28057,34.281075,-88.363127
"C",28059,30.456005,-88.625101
"C",28061,32.016989,-89.11943
"C",28063,31.733633,-91.043878
"C",28065,31.564808,-89.827086
"C",28067,31.616601,-89.168532
"C",28069,32.750136,-88.625631
"C",28071,34.353078,-89.485385
"C",28073,31.197586,-89.506369
"C",28075,32.403998,-88.660449
"C",28077,31.550009,-90.10753
"C",28079,32.76063,-89.52225
"C",28081,34.29237,-88.682439
"C",28083,33.54979,-90.294934
"C",28085,31.535216,-90.453566
"C",28087,33.471424,-88.439723
"C",28089,32.63437,-90.03416
"C",28091,31.230167,-89.821712
"C",28093,34.76619,-89.504231
"C",28095,33.89003,-88.485038
"C",28097,33.500714,-89.639625
"C",28099,32.752518,-89.119274
"C",28101,32.40197,-89.118412
"C",28103,33.106508,-88.566004
"C",28105,33.422313,-88.876151
"C",28107,34.365205,-89.963065
"C",28109,30.774793,-89.586904
"C",28111,31.169307,-88.988755
"C",28113,31.177516,-90.397725
"C",28115,34.227081,-89.037239
"C",28117,34.620566,-88.522184
"C",28119,34.252833,-90.290171
"C",28121,32.267123,-89.946063
"C",28123,32.411959,-89.533486
"C",28125,32.892395,-90.827613
"C",28127,31.902505,-89.917709
"C",28129,32.019029,-89.494876
"C",28131,30.790184,-89.112297
"C",28133,33.605529,-90.59509
"C",28135,33.954529,-90.172243
"C",28137,34.649553,-89.943105
"C",28139,34.763618,-88.918819
"C",28141,34.737697,-88.236064
"C",28143,34.652201,-90.37177
"C",28145,34.489533,-89.002339
"C",28147,31.164492,-90.103431
"C",28149,32.356095,-90.852384
"C",28151,33.273174,-90.944446
"C",28153,31.642503,-88.678214
"C",28155,33.612061,-89.283961
"C",28157,31.161091,-91.324617
"C",28159,33.078724,-89.037391
"C",28161,34.030666,-89.703807
"C",28163,32.765675,-90.387928
"C",29001,40.190666,-92.603592
"C",29003,39.988863,-94.803551
"C",29005,40.431846,-95.437555
"C",29007,39.214481,-91.843418
"C",29009,36.699376,-93.834334
"C",29011,37.500799,-94.344089
"C",29013,38.257217,-94.339246
"C",29015,38.301036,-93.287942
"C",29017,37.318427,-90.024645
"C",29019,38.989861,-92.310202
"C",29021,39.660369,-94.808173
"C",29023,36.71518,-90.40313
"C",29025,39.658998,-93.979179
"C",29027,38.835547,-91.923446
"C",29029,38.026527,-92.765327
"C",29031,37.384141,-89.685658
"C",29033,39.427375,-93.500227
"C",29035,36.944858,-90.945705
"C",29037,38.646474,-94.354547
"C",29039,37.733655,-93.850014
"C",29041,39.517968,-92.96162
"C",29043,36.969739,-93.187614
"C",29045,40.407275,-91.729472
"C",29047,39.315551,-94.421502
"C",29049,39.608723,-94.395803
"C",29051,38.503233,-92.280027
"C",29053,38.845386,-92.812323
"C",29055,37.96656,-91.313933
"C",29057,37.43235,-93.854878
"C",29059,37.683583,-93.033815
"C",29061,39.962839,-93.970053
"C",29063,39.894665,-94.40719
"C",29065,37.603072,-91.489717
"C",29067,36.946517,-92.515892
"C",29069,36.306905,-90.065394
"C",29071,38.413003,-91.072832
"C",29073,38.441183,-91.50578
"C",29075,40.208127,-94.405321
"C",29077,37.258196,-93.340641
"C",29079,40.112541,-93.565054
"C",29081,40.34562,-93.992582
"C",29083,38.386491,-93.792628
"C",29085,37.93691,-93.322988
"C",29087,40.095724,-95.219072
"C",29089,39.143365,-92.695926
"C",29091,36.774369,-91.887368
"C",29093,37.594364,-90.984682
"C",29095,39.005336,-94.343165
"C",29097,37.205197,-94.337259
"C",29099,38.25763,-90.543681
"C",29101,38.741528,-93.811863
"C",29103,40.136856,-92.146835
"C",29105,37.659698,-92.594843
"C",29107,39.068705,-93.802639
"C",29109,37.10659,-93.830551
"C",29111,40.084559,-91.728803
"C",29113,39.062255,-90.962916
"C",29115,39.86444,-93.108019
"C",29117,39.778587,-93.548201
"C",29119,36.630218,-94.343956
"C",29121,39.829795,-92.56434
"C",29123,37.474481,-90.343413
"C",29125,38.162615,-91.923601
"C",29127,39.807538,-91.635379
"C",29129,40.421413,-93.567631
"C",29131,38.21668,-92.429876
"C",29133,36.826264,-89.295929
"C",29135,38.633037,-92.583642
"C",29137,39.49827,-92.006458
"C",29139,38.935184,-91.465427
"C",29141,38.420806,-92.874835
"C",29143,36.594261,-89.655948
"C",29145,36.908371,-94.335034
"C",29147,40.361136,-94.883146
"C",29149,36.68531,-91.401827
"C",29151,38.464253,-91.859504
"C",29153,36.64959,-92.458549
"C",29155,36.209916,-89.785942
"C",29157,37.71113,-89.802125
"C",29159,38.727367,-93.285207
"C",29161,37.866326,-91.790349
"C",29163,39.339959,-91.171607
"C",29165,39.378696,-94.761472
"C",29167,37.616761,-93.400817
"C",29169,37.824835,-92.207022
"C",29171,40.478606,-93.014531
"C",29173,39.553455,-91.524787
"C",29175,39.439249,-92.492959
"C",29177,39.308401,-93.995746
"C",29179,37.366464,-90.972282
"C",29181,36.65017,-90.874834
"C",29183,38.781102,-90.674915
"C",29185,38.04223,-93.77656
"C",29186,37.885845,-90.161531
"C",29187,37.810707,-90.473868
"C",29189,38.640688,-90.446073
"C",29195,39.13584,-93.204164
"C",29197,40.469361,-92.519016
"C",29199,40.447686,-92.142824
"C",29201,37.047793,-89.568098
"C",29203,37.152498,-91.391328
"C",29205,39.797531,-92.088719
"C",29207,36.851557,-89.947481
"C",29209,36.751004,-93.473701
"C",29211,40.209587,-93.109783
"C",29213,36.649827,-93.042819
"C",29215,37.314257,-91.964478
"C",29217,37.850196,-94.341597
"C",29219,38.761902,-91.159306
"C",29221,37.942611,-90.897018
"C",29223,37.111074,-90.453931
"C",29225,37.280804,-92.87608
"C",29227,40.480499,-94.419198
"C",29229,37.267633,-92.479989
"C",29510,38.635699,-90.244582
"C",30001,45.133863,-112.892869
"C",30003,45.407869,-107.518163
"C",30005,48.428282,-108.967648
"C",30007,46.329849,-111.497873
"C",30009,45.224468,-109.028554
"C",30011,45.516825,-104.515324
"C",30013,47.316575,-111.350262
"C",30015,47.886834,-110.4362
"C",30017,46.261414,-105.550352
"C",30019,48.794429,-105.541739
"C",30021,47.26613,-104.898271
"C",30023,46.094672,-113.141624
"C",30025,46.318184,-104.405718
"C",30027,47.225221,-109.232138
"C",30029,48.314678,-114.054295
"C",30031,45.518054,-111.163921
"C",30033,47.267184,-106.995991
"C",30035,48.705671,-112.990502
"C",30037,46.380624,-109.174586
"C",30039,46.395955,-113.427356
"C",30041,48.631959,-110.106321
"C",30043,46.124232,-112.059428
"C",30045,47.032558,-110.30532
"C",30047,47.642901,-114.083687
"C",30049,47.132013,-112.373367
"C",30051,48.559654,-111.036924
"C",30053,48.552385,-115.463185
"C",30055,47.629628,-105.757222
"C",30057,45.32529,-111.913791
"C",30059,46.5857,-110.92174
"C",30061,47.151942,-115.065627
"C",30063,47.027263,-113.892691
"C",30065,46.505281,-108.439763
"C",30067,45.421429,-110.53276
"C",30069,47.141917,-108.226575
"C",30071,48.250143,-107.928897
"C",30073,48.228604,-112.220761
"C",30075,45.408926,-105.555344
"C",30077,46.844225,-112.9311
"C",30079,46.812384,-105.503994
"C",30081,46.077744,-114.105795
"C",30083,47.785633,-104.563408
"C",30085,48.282747,-104.99517
"C",30087,46.173233,-106.666746
"C",30089,47.756497,-115.180306
"C",30091,48.705523,-104.533913
"C",30093,45.896232,-112.660071
"C",30095,45.658545,-109.381576
"C",30097,45.811292,-109.944796
"C",30099,47.819035,-112.281725
"C",30101,48.645125,-111.733472
"C",30103,46.229441,-107.285772
"C",30105,48.34985,-106.670424
"C",30107,46.497047,-109.857147
"C",30109,46.962966,-104.274518
"C",30111,45.936987,-108.276656
"C",31001,40.520632,-98.500044
"C",31003,42.183225,-98.058037
"C",31005,41.57193,-101.695917
"C",31007,41.53975,-103.726263
"C",31009,41.931945,-99.996407
"C",31011,41.703934,-98.070476
"C",31013,42.21038,-103.081779
"C",31015,42.894448,-98.773022
"C",31017,42.359562,-99.92392
"C",31019,40.855226,-99.074983
"C",31021,41.854179,-96.337746
"C",31023,41.226072,-97.132039
"C",31025,40.909878,-96.140609
"C",31027,42.60456,-97.25687
"C",31029,40.53039,-101.694192
"C",31031,42.571323,-101.047653
"C",31033,41.214236,-103.011929
"C",31035,40.523669,-98.050858
"C",31037,41.57496,-97.088945
"C",31039,41.915865,-96.788517
"C",31041,41.393893,-99.726866
"C",31043,42.391645,-96.561356
"C",31045,42.711214,-103.134872
"C",31047,40.867378,-99.815154
"C",31049,41.111903,-102.332609
"C",31051,42.48528,-96.855862
"C",31053,41.577008,-96.645853
"C",31055,41.297091,-96.154066
"C",31057,40.180165,-101.681133
"C",31059,40.52504,-97.596705
"C",31061,40.183203,-98.96208
"C",31063,40.530947,-100.406683
"C",31065,40.191865,-99.909663
"C",31067,40.255234,-96.683453
"C",31069,41.633364,-102.302985
"C",31071,41.906868,-98.951231
"C",31073,40.509095,-99.823206
"C",31075,41.913957,-101.755965
"C",31077,41.567571,-98.530565
"C",31079,40.866027,-98.502664
"C",31081,40.872817,-98.022329
"C",31083,40.178766,-99.403418
"C",31085,40.537234,-101.047963
"C",31087,40.176896,-101.044217
"C",31089,42.459287,-98.784766
"C",31091,41.920317,-101.117324
"C",31093,41.216851,-98.513342
"C",31095,40.175736,-97.143103
"C",31097,40.39501,-96.265367
"C",31099,40.50912,-98.947602
"C",31101,41.194245,-101.644449
"C",31103,42.87548,-99.718351
"C",31105,41.199274,-103.703153
"C",31107,42.634404,-97.891349
"C",31109,40.783547,-96.688658
"C",31111,41.050322,-100.744481
"C",31113,41.542155,-100.443665
"C",31115,41.903183,-99.509852
"C",31117,41.648414,-101.120851
"C",31119,41.909929,-97.606856
"C",31121,41.16979,-98.031057
"C",31123,41.732204,-102.990594
"C",31125,41.402385,-97.991408
"C",31127,40.387389,-95.852721
"C",31129,40.176492,-98.046842
"C",31131,40.637992,-96.131027
"C",31133,40.13785,-96.245225
"C",31135,40.857646,-101.627468
"C",31137,40.516365,-99.406557
"C",31139,42.271413,-97.610992
"C",31141,41.576866,-97.513467
"C",31143,41.187925,-97.570663
"C",31145,40.16942,-100.468576
"C",31147,40.123743,-95.718603
"C",31149,42.394749,-99.420851
"C",31151,40.516802,-97.131755
"C",31153,41.115064,-96.109125
"C",31155,41.223388,-96.642097
"C",31157,41.850331,-103.701549
"C",31159,40.871944,-97.140383
"C",31161,42.512289,-102.36828
"C",31163,41.218743,-98.972849
"C",31165,42.470668,-103.73217
"C",31167,41.905045,-97.177109
"C",31169,40.173845,-97.596263
"C",31171,41.85573,-100.524703
"C",31173,42.154061,-96.533943
"C",31175,41.564094,-98.983484
"C",31177,41.533973,-96.224577
"C",31179,42.210746,-97.126243
"C",31181,40.180646,-98.49859
"C",31183,41.922575,-98.520853
"C",31185,40.873056,-97.596742
"C",32001,39.53771,-118.264166
"C",32003,36.214257,-115.013812
"C",32005,38.905129,-119.609019
"C",32007,41.141133,-115.351424
"C",32009,37.778966,-117.632382
"C",32011,39.977788,-116.272208
"C",32013,41.407914,-118.127591
"C",32015,39.90021,-117.04724
"C",32017,37.634605,-114.863037
"C",32019,39.022213,-119.197425
"C",32021,38.516647,-118.416279
"C",32023,37.965864,-116.459011
"C",32027,40.439639,-118.409477
"C",32029,39.438385,-119.524646
"C",32031,40.73132,-119.663269
"C",32033,39.418234,-114.900605
"C",32510,39.15306,-119.747368
"C",33001,43.519109,-71.425366
"C",33003,43.867774,-71.20156
"C",33005,42.92546,-72.248183
"C",33007,44.652548,-71.289431
"C",33009,43.926439,-71.842424
"C",33011,42.911532,-71.723055
"C",33013,43.299579,-71.680041
"C",33015,42.988664,-71.09908
"C",33017,43.293272,-71.035589
"C",33019,43.361188,-72.222084
"C",34001,39.469355,-74.633759
"C",34003,40.959698,-74.074727
"C",34005,39.875786,-74.663006
"C",34007,39.802407,-74.961249
"C",34009,39.085841,-74.846354
"C",34011,39.328434,-75.121628
"C",34013,40.7874,-74.246292
"C",34015,39.722875,-75.145679
"C",34017,40.731375,-74.078601
"C",34019,40.565283,-74.911969
"C",34021,40.282503,-74.703724
"C",34023,40.439621,-74.40743
"C",34025,40.287048,-74.152446
"C",34027,40.858896,-74.547292
"C",34029,39.865669,-74.258864
"C",34031,41.03789,-74.29828
"C",34033,39.573828,-75.357356
"C",34035,40.565527,-74.619938
"C",34037,41.137461,-74.691914
"C",34039,40.659871,-74.308696
"C",34041,40.853491,-75.009498
"C",35001,35.053628,-106.66908
"C",35003,33.901621,-108.391928
"C",35005,33.361604,-104.469837
"C",35006,34.928272,-107.99268
"C",35007,36.612964,-104.64011
"C",35009,34.572984,-103.346055
"C",35011,34.359273,-104.368696
"C",35013,32.349919,-106.834968
"C",35015,32.457835,-104.306434
"C",35017,32.732087,-108.381504
"C",35019,34.869782,-104.784968
"C",35021,35.858516,-103.847925
"C",35023,31.898052,-108.751929
"C",35025,32.795687,-103.413271
"C",35027,33.740841,-105.449805
"C",35028,35.870047,-106.307968
"C",35029,32.184523,-107.747191
"C",35031,35.583878,-108.253266
"C",35033,35.982841,-104.921898
"C",35035,32.615599,-105.751308
"C",35037,35.107018,-103.548071
"C",35039,36.509669,-106.693983
"C",35041,34.021207,-103.483004
"C",35043,35.685091,-106.883119
"C",35045,36.511624,-108.324578
"C",35047,35.476859,-104.803519
"C",35049,35.51453,-105.963972
"C",35051,33.119468,-107.188161
"C",35053,33.991658,-106.939136
"C",35055,36.576529,-105.637986
"C",35057,34.554978,-105.890557
"C",35059,36.488085,-103.475723
"C",35061,34.71684,-106.806582
"C",36001,42.58824,-73.97401
"C",36003,42.247853,-78.026153
"C",36005,40.848711,-73.852939
"C",36007,42.161977,-75.830283
"C",36009,42.239099,-78.662332
"C",36011,43.008546,-76.574587
"C",36013,42.304216,-79.407595
"C",36015,42.15528,-76.747179
"C",36017,42.478024,-75.602241
"C",36019,44.752712,-73.705643
"C",36021,42.247729,-73.626806
"C",36023,42.594039,-76.07624
"C",36025,42.193986,-74.966728
"C",36027,41.75477,-73.740041
"C",36029,42.752759,-78.778192
"C",36031,44.109601,-73.778431
"C",36033,44.594376,-74.31067
"C",36035,43.115609,-74.423678
"C",36037,43.00091,-78.192778
"C",36039,42.279821,-74.142025
"C",36041,43.657879,-74.502456
"C",36043,43.407489,-75.011683
"C",36045,43.996389,-76.052968
"C",36047,40.635045,-73.95064
"C",36049,43.782681,-75.44414
"C",36051,42.727485,-77.769779
"C",36053,42.910026,-75.663575
"C",36055,43.464484,-77.664658
"C",36057,42.900891,-74.435357
"C",36059,40.729612,-73.589414
"C",36061,40.776642,-73.970187
"C",36063,43.456731,-78.792142
"C",36065,43.242727,-75.434282
"C",36067,43.006516,-76.196134
"C",36069,42.856357,-77.303497
"C",36071,41.40241,-74.306252
"C",36073,43.502287,-78.229726
"C",36075,43.461443,-76.209262
"C",36077,42.629776,-75.028841
"C",36079,41.427907,-73.743861
"C",36081,40.658566,-73.838017
"C",36083,42.710421,-73.513845
"C",36085,40.561263,-74.1399
"C",36087,41.154628,-74.024662
"C",36089,44.488112,-75.074311
"C",36091,43.106135,-73.855387
"C",36093,42.817552,-74.043559
"C",36095,42.591294,-74.438172
"C",36097,42.419776,-76.938603
"C",36099,42.782294,-76.827088
"C",36101,42.266725,-77.385525
"C",36103,40.943554,-72.692218
"C",36105,41.719993,-74.771577
"C",36107,42.178057,-76.297456
"C",36109,42.453006,-76.473483
"C",36111,41.947212,-74.265458
"C",36113,43.555105,-73.838139
"C",36115,43.312377,-73.439428
"C",36117,43.458758,-77.063164
"C",36119,41.152686,-73.745753
"C",36121,42.701363,-78.228567
"C",36123,42.638237,-77.104324
"C",37001,36.043954,-79.400573
"C",37003,35.920951,-81.177467
"C",37005,36.489356,-81.132299
"C",37007,34.974972,-80.109763
"C",37009,36.443469,-81.499334
"C",37011,36.07209,-81.920285
"C",37013,35.482313,-76.842014
"C",37015,36.059043,-76.962364
"C",37017,34.591938,-78.539489
"C",37019,34.038754,-78.227765
"C",37021,35.609371,-82.530423
"C",37023,35.746182,-81.70618
"C",37025,35.388346,-80.552728
"C",37027,35.966395,-81.512541
"C",37029,36.342344,-76.162488
"C",37031,34.858343,-76.53586
"C",37033,36.394298,-79.339609
"C",37035,35.661883,-81.214906
"C",37037,35.704994,-79.251454
"C",37039,35.13715,-84.061449
"C",37041,36.128979,-76.602752
"C",37043,35.052997,-83.752264
"C",37045,35.33463,-81.557114
"C",37047,34.261602,-78.639308
"C",37049,35.116829,-77.08132
"C",37051,35.050192,-78.828719
"C",37053,36.372174,-75.941224
"C",37055,35.606269,-75.767536
"C",37057,35.795131,-80.207107
"C",37059,35.929355,-80.542552
"C",37061,34.934403,-77.933543
"C",37063,36.033828,-78.878125
"C",37065,35.917077,-77.602742
"C",37067,36.132466,-80.256961
"C",37069,36.088241,-78.28309
"C",37071,35.293344,-81.177256
"C",37073,36.442135,-76.702355
"C",37075,35.348364,-83.830915
"C",37077,36.299884,-78.657634
"C",37079,35.481959,-77.681688
"C",37081,36.079065,-79.788665
"C",37083,36.251438,-77.644842
"C",37085,35.368635,-78.87161
"C",37087,35.558882,-82.981307
"C",37089,35.336415,-82.479741
"C",37091,36.363517,-76.981616
"C",37093,35.017233,-79.241964
"C",37095,35.408157,-76.153687
"C",37097,35.806249,-80.87452
"C",37099,35.281052,-83.119962
"C",37101,35.513419,-78.367348
"C",37103,35.032268,-77.356195
"C",37105,35.476336,-79.172117
"C",37107,35.240068,-77.63551
"C",37109,35.488491,-81.226892
"C",37111,35.682271,-82.048044
"C",37113,35.152959,-83.421901
"C",37115,35.864207,-82.71263
"C",37117,35.847301,-77.119602
"C",37119,35.246862,-80.833832
"C",37121,36.013102,-82.163554
"C",37123,35.334415,-79.906602
"C",37125,35.308272,-79.492725
"C",37127,35.965945,-77.987555
"C",37129,34.183442,-77.864209
"C",37131,36.421774,-77.398352
"C",37133,34.763109,-77.499469
"C",37135,36.062526,-79.120034
"C",37137,35.147575,-76.665268
"C",37139,36.265199,-76.260691
"C",37141,34.512556,-77.888106
"C",37143,36.180897,-76.403244
"C",37145,36.38635,-78.965623
"C",37147,35.59249,-77.372739
"C",37149,35.277901,-82.167621
"C",37151,35.709915,-79.806215
"C",37153,35.004636,-79.755695
"C",37155,34.63921,-79.100881
"C",37157,36.381806,-79.782754
"C",37159,35.641355,-80.521721
"C",37161,35.402747,-81.919582
"C",37163,34.989298,-78.371174
"C",37165,34.840023,-79.477337
"C",37167,35.310449,-80.254374
"C",37169,36.393505,-80.266214
"C",37171,36.415416,-80.686463
"C",37173,35.568849,-83.465614
"C",37175,35.210103,-82.816666
"C",37177,35.87042,-76.165345
"C",37179,34.99182,-80.530426
"C",37181,36.365481,-78.405434
"C",37183,35.789846,-78.650624
"C",37185,36.398105,-78.099899
"C",37187,35.844713,-76.572291
"C",37189,36.235368,-81.709888
"C",37191,35.35419,-78.00867
"C",37193,36.208883,-81.166095
"C",37195,35.700357,-77.921598
"C",37197,36.158765,-80.665164
"C",37199,35.889326,-82.303954
"C",38001,46.096815,-102.533198
"C",38003,46.94255,-98.070195
"C",38005,48.071743,-99.351152
"C",38007,47.007044,-103.364016
"C",38009,48.794412,-100.831257
"C",38011,46.110144,-103.505943
"C",38013,48.786453,-102.520087
"C",38015,46.978829,-100.469533
"C",38017,46.927003,-97.252375
"C",38019,48.768439,-98.46379
"C",38021,46.107756,-98.496518
"C",38023,48.814754,-103.509326
"C",38025,47.354557,-102.612322
"C",38027,47.723436,-98.900474
"C",38029,46.284255,-100.237842
"C",38031,47.471431,-98.872876
"C",38033,46.938924,-103.844612
"C",38035,47.926003,-97.450851
"C",38037,46.357827,-101.639049
"C",38039,47.456334,-98.232286
"C",38041,46.435704,-102.454238
"C",38043,46.938273,-99.731198
"C",38045,46.464195,-98.526057
"C",38047,46.469278,-99.504585
"C",38049,48.233842,-100.633267
"C",38051,46.108682,-99.416487
"C",38053,47.742475,-103.403215
"C",38055,47.530459,-101.353087
"C",38057,47.307147,-101.833328
"C",38059,46.710819,-101.298265
"C",38061,48.210073,-102.364895
"C",38063,47.918667,-98.204428
"C",38065,47.118079,-101.33142
"C",38067,48.766896,-97.545405
"C",38069,48.238883,-99.966497
"C",38071,48.266163,-98.739031
"C",38073,46.449276,-97.647554
"C",38075,48.712781,-101.658152
"C",38077,46.265219,-96.93796
"C",38079,48.768271,-99.840463
"C",38081,46.108204,-97.630051
"C",38083,47.581359,-100.330986
"C",38085,46.110618,-101.061284
"C",38087,46.445834,-103.462462
"C",38089,46.817031,-102.662026
"C",38091,47.451062,-97.71892
"C",38093,46.972223,-98.956123
"C",38095,48.682183,-99.248158
"C",38097,47.446215,-97.164754
"C",38099,48.376979,-97.72223
"C",38101,48.216686,-101.540537
"C",38103,47.580851,-99.682213
"C",38105,48.355765,-103.501333
"C",39001,38.834468,-83.478082
"C",39003,40.771627,-84.106103
"C",39005,40.843273,-82.270127
"C",39007,41.906637,-80.745592
"C",39009,39.332604,-82.045844
"C",39011,40.561309,-84.224018
"C",39013,40.017682,-80.967727
"C",39015,38.931377,-83.866772
"C",39017,39.439747,-84.565734
"C",39019,40.579884,-81.090787
"C",39021,40.132775,-83.767604
"C",39023,39.917032,-83.783676
"C",39025,39.052054,-84.149485
"C",39027,39.430225,-83.795682
"C",39029,40.770073,-80.778455
"C",39031,40.29671,-81.930109
"C",39033,40.848524,-82.924783
"C",39035,41.760392,-81.724217
"C",39037,40.131542,-84.621248
"C",39039,41.321679,-84.486433
"C",39041,40.278941,-83.007462
"C",39043,41.554006,-82.525897
"C",39045,39.747694,-82.626685
"C",39047,39.555246,-83.461893
"C",39049,39.969875,-83.009086
"C",39051,41.597264,-84.124267
"C",39053,38.817046,-82.301746
"C",39055,41.499322,-81.173505
"C",39057,39.687479,-83.894894
"C",39059,40.056665,-81.497875
"C",39061,39.196927,-84.544187
"C",39063,41.000471,-83.666034
"C",39065,40.660415,-83.664077
"C",39067,40.292318,-81.091565
"C",39069,41.331584,-84.0689
"C",39071,39.184422,-83.601359
"C",39073,39.490342,-82.483447
"C",39075,40.565597,-81.930001
"C",39077,41.14508,-82.594641
"C",39079,39.013477,-82.614142
"C",39081,40.399384,-80.763527
"C",39083,40.40362,-82.422393
"C",39085,41.924116,-81.392643
"C",39087,38.603866,-82.517186
"C",39089,40.091505,-82.483435
"C",39091,40.387553,-83.766343
"C",39093,41.438805,-82.179722
"C",39095,41.682321,-83.468903
"C",39097,39.896607,-83.400885
"C",39099,41.01088,-80.770396
"C",39101,40.588034,-83.168803
"C",39103,41.116174,-81.899764
"C",39105,39.089807,-82.028397
"C",39107,40.535333,-84.632059
"C",39109,40.053326,-84.228413
"C",39111,39.726253,-81.090983
"C",39113,39.753736,-84.290591
"C",39115,39.624946,-81.861697
"C",39117,40.525266,-82.797729
"C",39119,39.966046,-81.943506
"C",39121,39.767232,-81.452493
"C",39123,41.545495,-83.012613
"C",39125,41.118948,-84.582125
"C",39127,39.743187,-82.237952
"C",39129,39.648947,-83.052827
"C",39131,39.071341,-83.052911
"C",39133,41.16897,-81.196962
"C",39135,39.73881,-84.644758
"C",39137,41.024533,-84.129879
"C",39139,40.774159,-82.542781
"C",39141,39.323897,-83.059536
"C",39143,41.355319,-83.142776
"C",39145,38.814889,-82.998675
"C",39147,41.119992,-83.127547
"C",39149,40.33668,-84.204142
"C",39151,40.814131,-81.365667
"C",39153,41.121847,-81.534928
"C",39155,41.306374,-80.7704
"C",39157,40.44749,-81.471105
"C",39159,40.295901,-83.367042
"C",39161,40.85552,-84.585775
"C",39163,39.252042,-82.485961
"C",39165,39.425652,-84.169906
"C",39167,39.450676,-81.490636
"C",39169,40.829661,-81.887194
"C",39171,41.564959,-84.584324
"C",39173,41.360183,-83.622682
"C",39175,40.839782,-83.313681
"C",40001,35.898043,-94.651026
"C",40003,36.729703,-98.323445
"C",40005,34.392469,-96.036558
"C",40007,36.748334,-100.483056
"C",40009,35.270601,-99.690057
"C",40011,35.877782,-98.428934
"C",40013,33.964004,-96.264137
"C",40015,35.16792,-98.381045
"C",40017,35.543354,-97.979889
"C",40019,34.251848,-97.287927
"C",40021,35.904367,-94.996796
"C",40023,34.027645,-95.554208
"C",40025,36.74839,-102.517698
"C",40027,35.206376,-97.323088
"C",40029,34.582861,-96.288039
"C",40031,34.66263,-98.476612
"C",40033,34.290676,-98.373438
"C",40035,36.76389,-95.201553
"C",40037,35.907732,-96.379793
"C",40039,35.645601,-98.997386
"C",40041,36.393375,-94.808217
"C",40043,35.97796,-99.014385
"C",40045,36.224258,-99.750139
"C",40047,36.378054,-97.78845
"C",40049,34.70935,-97.312723
"C",40051,35.021058,-97.88689
"C",40053,36.788254,-97.788151
"C",40055,34.933853,-99.552968
"C",40057,34.745971,-99.844194
"C",40059,36.80035,-99.662805
"C",40061,35.232295,-95.109576
"C",40063,35.052934,-96.251183
"C",40065,34.594006,-99.412235
"C",40067,34.105082,-97.83889
"C",40069,34.313455,-96.654254
"C",40071,36.814885,-97.143862
"C",40073,35.949436,-97.934557
"C",40075,34.921489,-98.981617
"C",40077,34.875137,-95.272262
"C",40079,34.897356,-94.695074
"C",40081,35.703117,-96.881392
"C",40083,35.914151,-97.450764
"C",40085,33.957804,-97.245093
"C",40087,35.016436,-97.449803
"C",40089,34.117073,-94.766086
"C",40091,35.369108,-95.671787
"C",40093,36.313119,-98.542015
"C",40095,34.027007,-96.770533
"C",40097,36.303804,-95.235638
"C",40099,34.485766,-97.071557
"C",40101,35.617551,-95.383911
"C",40103,36.384901,-97.236335
"C",40105,36.789615,-95.613312
"C",40107,35.466804,-96.327762
"C",40109,35.554611,-97.409401
"C",40111,35.6435,-95.965947
"C",40113,36.624299,-96.408112
"C",40115,36.835764,-94.802681
"C",40117,36.313704,-96.696669
"C",40119,36.079225,-96.975255
"C",40121,34.92554,-95.74813
"C",40123,34.721446,-96.691971
"C",40125,35.211393,-96.957007
"C",40127,34.377899,-95.408082
"C",40129,35.708554,-99.741572
"C",40131,36.377794,-95.601383
"C",40133,35.158366,-96.602857
"C",40135,35.502435,-94.750757
"C",40137,34.481361,-97.855607
"C",40139,36.746317,-101.483855
"C",40141,34.371085,-98.931701
"C",40143,36.120318,-95.941813
"C",40145,35.963479,-95.514098
"C",40147,36.70438,-95.906155
"C",40149,35.289497,-98.991436
"C",40151,36.726984,-98.863649
"C",40153,36.425619,-99.273661
"C",41001,44.703427,-117.691933
"C",41003,44.493882,-123.424664
"C",41005,45.160493,-122.195127
"C",41007,46.024509,-123.705037
"C",41009,45.941932,-123.081079
"C",41011,43.18591,-124.094133
"C",41013,44.163054,-120.371585
"C",41015,42.466439,-124.210929
"C",41017,43.915118,-121.225575
"C",41019,43.286328,-123.154476
"C",41021,45.43059,-120.319901
"C",41023,44.496326,-119.014057
"C",41025,43.064449,-118.987169
"C",41027,45.511775,-121.655976
"C",41029,42.411621,-122.675611
"C",41031,44.645151,-121.178632
"C",41033,42.386983,-123.57162
"C",41035,42.683761,-121.646168
"C",41037,42.788401,-120.38979
"C",41039,43.928329,-122.89769
"C",41041,44.641061,-123.911212
"C",41043,44.488898,-122.537208
"C",41045,43.188625,-117.603191
"C",41047,44.900898,-122.57626
"C",41049,45.425496,-119.602311
"C",41051,45.547711,-122.417363
"C",41053,44.900375,-123.398673
"C",41055,45.399216,-120.678512
"C",41057,45.45589,-123.759299
"C",41059,45.5912,-118.73388
"C",41061,45.304081,-117.999149
"C",41063,45.593753,-117.18558
"C",41065,45.164536,-121.165069
"C",41067,45.553542,-123.097615
"C",41069,44.736415,-120.026861
"C",41071,45.247827,-123.316399
"C",42001,39.869471,-77.21773
"C",42003,40.469757,-79.980451
"C",42005,40.81238,-79.464129
"C",42007,40.68414,-80.350721
"C",42009,39.998634,-78.494747
"C",42011,40.413957,-75.92686
"C",42013,40.498654,-78.309597
"C",42015,41.791504,-76.502123
"C",42017,40.336887,-75.10706
"C",42019,40.913847,-79.918978
"C",42021,40.510222,-78.710478
"C",42023,41.438291,-78.198323
"C",42025,40.918367,-75.705039
"C",42027,40.909128,-77.847877
"C",42029,39.974029,-75.749752
"C",42031,41.198159,-79.420369
"C",42033,41.000249,-78.473749
"C",42035,41.262624,-77.69636
"C",42037,41.045517,-76.40426
"C",42039,41.687876,-80.107795
"C",42041,40.164805,-77.263442
"C",42043,40.412565,-76.792634
"C",42045,39.916685,-75.398818
"C",42047,41.427332,-78.653937
"C",42049,42.117952,-80.096386
"C",42051,39.918907,-79.640119
"C",42053,41.513304,-79.249705
"C",42055,39.926772,-77.724521
"C",42057,39.91075,-78.122617
"C",42059,39.847707,-80.225655
"C",42061,40.422311,-77.968595
"C",42063,40.651432,-79.087545
"C",42065,41.138028,-79.012419
"C",42067,40.530673,-77.400438
"C",42069,41.440284,-75.609666
"C",42071,40.041992,-76.250198
"C",42073,40.992735,-80.334446
"C",42075,40.371448,-76.464819
"C",42077,40.614241,-75.590627
"C",42079,41.172787,-75.976035
"C",42081,41.343882,-77.055262
"C",42083,41.81459,-78.572463
"C",42085,41.300014,-80.252786
"C",42087,40.601615,-77.651832
"C",42089,41.05624,-75.329065
"C",42091,40.209999,-75.370201
"C",42093,41.029284,-76.665225
"C",42095,40.752791,-75.307447
"C",42097,40.851524,-76.709877
"C",42099,40.39778,-77.266328
"C",42101,40.009376,-75.133346
"C",42103,41.325949,-75.031514
"C",42105,41.748587,-77.894436
"C",42107,40.703682,-76.217788
"C",42109,40.755407,-77.072929
"C",42111,39.981297,-79.028486
"C",42113,41.439285,-76.511717
"C",42115,41.819665,-75.800969
"C",42117,41.766859,-77.257288
"C",42119,40.962179,-77.055475
"C",42121,41.400714,-79.765813
"C",42123,41.834298,-79.298182
"C",42125,40.200005,-80.252132
"C",42127,41.646602,-75.292493
"C",42129,40.311068,-79.466688
"C",42131,41.525173,-76.008731
"C",42133,39.921751,-76.728889
"C",44001,41.706831,-71.286637
"C",44003,41.674245,-71.580924
"C",44005,41.502504,-71.283689
"C",44007,41.869768,-71.578625
"C",44009,41.396792,-71.620282
"C",45001,34.229041,-82.454058
"C",45003,33.550013,-81.632983
"C",45005,32.979757,-81.363265
"C",45007,34.521235,-82.638603
"C",45009,33.203021,-81.053161
"C",45011,33.260552,-81.434228
"C",45013,32.358112,-80.689422
"C",45015,33.2077,-79.953655
"C",45017,33.67478,-80.780347
"C",45019,32.800458,-79.94248
"C",45021,35.049796,-81.607647
"C",45023,34.689342,-81.161249
"C",45025,34.637018,-80.159227
"C",45027,33.664682,-80.217889
"C",45029,32.835018,-80.655244
"C",45031,34.332185,-79.962115
"C",45033,34.390172,-79.374964
"C",45035,33.082186,-80.404697
"C",45037,33.776498,-81.968245
"C",45039,34.395669,-81.127001
"C",45041,34.028535,-79.710233
"C",45043,33.417531,-79.296333
"C",45045,34.892645,-82.372077
"C",45047,34.155796,-82.127876
"C",45049,32.778334,-81.143822
"C",45051,33.909269,-78.976675
"C",45053,32.43059,-81.021627
"C",45055,34.338356,-80.590885
"C",45057,34.686818,-80.703688
"C",45059,34.483676,-82.005498
"C",45061,34.15864,-80.251209
"C",45063,33.899477,-81.266277
"C",45065,33.897599,-82.316196
"C",45067,34.08362,-79.354001
"C",45069,34.60167,-79.679435
"C",45071,34.289881,-81.599676
"C",45073,34.748766,-83.06154
"C",45075,33.436135,-80.802913
"C",45077,34.885368,-82.723377
"C",45079,34.029095,-80.898037
"C",45081,34.005278,-81.727903
"C",45083,34.933271,-81.991052
"C",45085,33.91614,-80.382376
"C",45087,34.690397,-81.615896
"C",45089,33.626462,-79.716474
"C",45091,34.970188,-81.183187
"C",46003,43.724719,-98.577587
"C",46005,44.418265,-98.279422
"C",46007,43.186912,-101.677181
"C",46009,42.985799,-97.884199
"C",46011,44.376675,-96.797797
"C",46013,45.589254,-98.352175
"C",46015,43.729873,-99.092909
"C",46017,44.044306,-99.203998
"C",46019,44.896226,-103.501436
"C",46021,45.785575,-100.002107
"C",46023,43.206185,-98.595143
"C",46025,44.855211,-97.724912
"C",46027,42.91615,-96.980468
"C",46029,44.966285,-97.198837
"C",46031,45.685671,-101.179665
"C",46033,43.684943,-103.46225
"C",46035,43.680439,-98.155868
"C",46037,45.355161,-97.58143
"C",46039,44.75629,-96.690239
"C",46041,45.148049,-100.837953
"C",46043,43.391506,-98.358433
"C",46045,45.41168,-99.205362
"C",46047,43.221619,-103.512609
"C",46049,45.065476,-99.153564
"C",46051,45.172637,-96.772261
"C",46053,43.175142,-99.206591
"C",46055,44.282881,-101.595442
"C",46057,44.680619,-97.178598
"C",46059,44.546713,-99.004575
"C",46061,43.680612,-97.796845
"C",46063,45.596611,-103.473871
"C",46065,44.384452,-99.975684
"C",46067,43.33671,-97.749383
"C",46069,44.537174,-99.472736
"C",46071,43.677506,-101.626323
"C",46073,44.06341,-98.62317
"C",46075,43.951991,-100.686138
"C",46077,44.362969,-97.499313
"C",46079,44.02845,-97.123223
"C",46081,44.348767,-103.804947
"C",46083,43.27942,-96.722286
"C",46085,43.894812,-99.841925
"C",46087,43.680416,-97.358048
"C",46089,45.784249,-99.211421
"C",46091,45.737044,-97.58087
"C",46093,44.605282,-102.714169
"C",46095,43.58469,-100.760955
"C",46097,44.021541,-97.608122
"C",46099,43.667472,-96.795726
"C",46101,44.012429,-96.676054
"C",46102,43.33358,-102.561686
"C",46103,44.002349,-102.823801
"C",46105,45.483387,-102.467995
"C",46107,45.052713,-99.962003
"C",46109,45.623397,-96.947551
"C",46111,44.018942,-98.091709
"C",46115,44.923772,-98.339615
"C",46117,44.415547,-100.749163
"C",46119,44.722325,-100.131399
"C",46121,43.208794,-100.707664
"C",46123,43.349729,-99.876219
"C",46125,43.30867,-97.150185
"C",46127,42.831106,-96.650829
"C",46129,45.427605,-100.027856
"C",46135,43.006603,-97.388361
"C",46137,44.989764,-101.660827
"C",47001,36.116731,-84.195418
"C",47003,35.51366,-86.458294
"C",47005,36.070948,-88.071232
"C",47007,35.593561,-85.20591
"C",47009,35.688185,-83.922973
"C",47011,35.153914,-84.859414
"C",47013,36.401592,-84.159249
"C",47015,35.808394,-86.062404
"C",47017,35.965748,-88.452379
"C",47019,36.284744,-82.126593
"C",47021,36.255169,-87.100808
"C",47023,35.420253,-88.611353
"C",47025,36.501572,-83.660698
"C",47027,36.545749,-85.545717
"C",47029,35.916198,-83.119224
"C",47031,35.488765,-86.078202
"C",47033,35.818795,-89.132494
"C",47035,35.952398,-84.994761
"C",47037,36.169129,-86.78479
"C",47039,35.603136,-88.110292
"C",47041,35.982219,-85.833596
"C",47043,36.145533,-87.364155
"C",47045,36.054196,-89.398306
"C",47047,35.196993,-89.413803
"C",47049,36.369892,-84.937764
"C",47051,35.155926,-86.099203
"C",47053,35.991632,-88.933812
"C",47055,35.202723,-87.035319
"C",47057,36.277509,-83.509546
"C",47059,36.179487,-82.847523
"C",47061,35.393386,-85.710379
"C",47063,36.218397,-83.266071
"C",47065,35.163472,-85.201843
"C",47067,36.521353,-83.227493
"C",47069,35.218785,-88.988697
"C",47071,35.201893,-88.185696
"C",47073,36.452089,-82.931485
"C",47075,35.586678,-89.282691
"C",47077,35.653994,-88.387674
"C",47079,36.325295,-88.300288
"C",47081,35.802327,-87.467116
"C",47083,36.285782,-87.705598
"C",47085,36.040822,-87.790453
"C",47087,36.35425,-85.674128
"C",47089,36.048338,-83.441143
"C",47091,36.453203,-81.861247
"C",47093,35.992726,-83.937721
"C",47095,36.333905,-89.485536
"C",47097,35.762951,-89.627732
"C",47099,35.220476,-87.396546
"C",47101,35.523244,-87.496983
"C",47103,35.142784,-86.593403
"C",47105,35.735085,-84.314085
"C",47107,35.424472,-84.619949
"C",47109,35.175375,-88.56374
"C",47111,36.537757,-86.00096
"C",47113,35.606056,-88.833424
"C",47115,35.133422,-85.618399
"C",47117,35.468343,-86.765865
"C",47119,35.615696,-87.077763
"C",47121,35.512203,-84.816102
"C",47123,35.447818,-84.249705
"C",47125,36.500354,-87.380887
"C",47127,35.288888,-86.358684
"C",47129,36.138697,-84.639262
"C",47131,36.357996,-89.150024
"C",47133,36.34485,-85.283076
"C",47135,35.663752,-87.869326
"C",47137,36.559364,-85.075741
"C",47139,35.109437,-84.541112
"C",47141,36.14094,-85.49618
"C",47143,35.60059,-84.949548
"C",47145,35.84725,-84.523929
"C",47147,36.527509,-86.869354
"C",47149,35.843369,-86.417213
"C",47151,36.435234,-84.50352
"C",47153,35.372336,-85.410082
"C",47155,35.795345,-83.518496
"C",47157,35.183794,-89.895397
"C",47159,36.256645,-85.941915
"C",47161,36.458464,-87.811889
"C",47163,36.509681,-82.301336
"C",47165,36.473443,-86.459798
"C",47167,35.500259,-89.766803
"C",47169,36.39303,-86.156691
"C",47171,36.100129,-82.418218
"C",47173,36.28414,-83.836088
"C",47175,35.699234,-85.458409
"C",47177,35.67825,-85.777343
"C",47179,36.295665,-82.495037
"C",47181,35.242847,-87.819843
"C",47183,36.303596,-88.721194
"C",47185,35.927049,-85.455785
"C",47187,35.894807,-86.898068
"C",47189,36.149527,-86.291242
"C",48001,31.841261,-95.661727
"C",48003,32.312258,-102.640206
"C",48005,31.251896,-94.611134
"C",48007,28.122621,-96.967501
"C",48009,33.616305,-98.687267
"C",48011,34.964179,-101.356636
"C",48013,28.891478,-98.535381
"C",48015,29.891901,-96.27017
"C",48017,34.067521,-102.830345
"C",48019,29.756389,-99.248285
"C",48021,30.100772,-97.310639
"C",48023,33.618802,-99.208189
"C",48025,28.416077,-97.742586
"C",48027,31.042748,-97.48127
"C",48029,29.448671,-98.520147
"C",48031,30.266456,-98.399217
"C",48033,32.73859,-101.439199
"C",48035,31.900819,-97.637641
"C",48037,33.446065,-94.422393
"C",48039,29.167817,-95.434647
"C",48041,30.656713,-96.302394
"C",48043,29.808997,-103.252458
"C",48045,34.525172,-101.205893
"C",48047,27.034994,-98.215276
"C",48049,31.764137,-98.998456
"C",48051,30.493487,-96.622091
"C",48053,30.78963,-98.201187
"C",48055,29.832399,-97.628141
"C",48057,28.441719,-96.579574
"C",48059,32.29315,-99.372249
"C",48061,26.102923,-97.478958
"C",48063,32.974581,-94.979085
"C",48065,35.405496,-101.355356
"C",48067,33.083698,-94.357579
"C",48069,34.533621,-102.258786
"C",48071,29.696374,-94.669445
"C",48073,31.843881,-95.156343
"C",48075,34.524624,-100.208166
"C",48077,33.785904,-98.212917
"C",48079,33.60844,-102.830449
"C",48081,31.87711,-100.635231
"C",48083,31.914205,-99.346622
"C",48085,33.194532,-96.579444
"C",48087,34.963358,-100.272135
"C",48089,29.596296,-96.508935
"C",48091,29.805491,-98.260544
"C",48093,31.951645,-98.549617
"C",48095,31.318883,-99.863649
"C",48097,33.639196,-97.210343
"C",48099,31.391177,-97.798022
"C",48101,34.091906,-100.276442
"C",48103,31.422796,-102.487774
"C",48105,30.717532,-101.404211
"C",48107,33.609144,-101.29871
"C",48109,31.445908,-104.526945
"C",48111,36.28637,-102.59402
"C",48113,32.766987,-96.778424
"C",48115,32.742528,-101.948771
"C",48117,34.940766,-102.607564
"C",48119,33.385933,-95.67335
"C",48121,33.205132,-97.12114
"C",48123,29.082346,-97.361654
"C",48125,33.615363,-100.787617
"C",48127,28.423587,-99.765871
"C",48129,34.955036,-100.815846
"C",48131,27.681123,-98.497393
"C",48133,32.324645,-98.83656
"C",48135,31.865301,-102.542507
"C",48137,29.985877,-100.307373
"C",48139,32.346878,-96.79694
"C",48141,31.76648,-106.241424
"C",48143,32.236661,-98.220507
"C",48145,31.25193,-96.934127
"C",48147,33.591161,-96.104988
"C",48149,29.877886,-96.921231
"C",48151,32.740473,-100.40312
"C",48153,34.07373,-101.303274
"C",48155,33.963306,-99.816828
"C",48157,29.526602,-95.771015
"C",48159,33.175846,-95.219066
"C",48161,31.701749,-96.144957
"C",48163,28.869334,-99.108788
"C",48165,32.743942,-102.631561
"C",48167,29.233453,-94.888456
"C",48169,33.183792,-101.301134
"C",48171,30.325091,-98.941851
"C",48173,31.868006,-101.521494
"C",48175,28.6607,-97.430415
"C",48177,29.461912,-97.49192
"C",48179,35.402542,-100.812374
"C",48181,33.624524,-96.675693
"C",48183,32.486397,-94.816276
"C",48185,30.543231,-95.988082
"C",48187,29.583532,-97.946771
"C",48189,34.068436,-101.822888
"C",48191,34.655623,-100.763893
"C",48193,31.707342,-98.111756
"C",48195,36.272847,-101.35693
"C",48197,34.289904,-99.745697
"C",48199,30.329648,-94.393178
"C",48201,29.857273,-95.393037
"C",48203,32.547991,-94.374434
"C",48205,35.840244,-102.610047
"C",48207,33.175964,-99.730774
"C",48209,30.061225,-98.029267
"C",48211,35.815956,-100.27921
"C",48213,32.211633,-95.853418
"C",48215,26.396384,-98.18099
"C",48217,31.982681,-97.130668
"C",48219,33.605932,-102.343398
"C",48221,32.430149,-97.831677
"C",48223,33.148967,-95.565434
"C",48225,31.323036,-95.4216
"C",48227,32.30343,-101.438721
"C",48229,31.450868,-105.377549
"C",48231,33.123308,-96.08423
"C",48233,35.837047,-101.362746
"C",48235,31.303424,-100.981304
"C",48237,33.232161,-98.171176
"C",48239,28.959802,-96.58908
"C",48241,30.752932,-94.022294
"C",48243,30.625357,-104.191873
"C",48245,29.854,-94.149331
"C",48247,27.053231,-98.747571
"C",48249,27.733516,-98.090814
"C",48251,32.379821,-97.364959
"C",48253,32.743709,-99.87443
"C",48255,28.908996,-97.852205
"C",48257,32.598944,-96.288377
"C",48259,29.943525,-98.709269
"C",48261,26.890213,-97.591143
"C",48263,33.18478,-100.76972
"C",48265,30.059953,-99.353339
"C",48267,30.479472,-99.746396
"C",48269,33.614268,-100.245345
"C",48271,29.347086,-100.4177
"C",48273,27.438735,-97.66062
"C",48275,33.61189,-99.730356
"C",48277,33.667263,-95.570348
"C",48279,34.068861,-102.348018
"C",48281,31.196731,-98.240889
"C",48283,28.351098,-99.096774
"C",48285,29.382578,-96.923633
"C",48287,30.321498,-96.976823
"C",48289,31.300493,-95.995622
"C",48291,30.158508,-94.844061
"C",48293,31.547543,-96.593623
"C",48295,36.2802,-100.272683
"C",48297,28.351535,-98.126961
"C",48299,30.707584,-98.68469
"C",48301,31.844936,-103.561229
"C",48303,33.611469,-101.819944
"C",48305,33.178412,-101.818493
"C",48307,31.205477,-99.359856
"C",48309,31.549596,-97.201511
"C",48311,28.384922,-98.578853
"C",48313,30.966878,-95.930372
"C",48315,32.798182,-94.356853
"C",48317,32.30983,-101.961836
"C",48319,30.703916,-99.237302
"C",48321,28.77476,-96.001532
"C",48323,28.729787,-100.316678
"C",48325,29.353661,-99.111085
"C",48327,30.885268,-99.858861
"C",48329,31.814269,-102.002454
"C",48331,30.791242,-96.984395
"C",48333,31.494888,-98.594623
"C",48335,32.304117,-100.924392
"C",48337,33.678356,-97.725014
"C",48339,30.298801,-95.50295
"C",48341,35.835676,-101.890502
"C",48343,33.116466,-94.731265
"C",48345,34.057899,-100.793152
"C",48347,31.62056,-94.62025
"C",48349,32.048448,-96.476909
"C",48351,30.786718,-93.73925
"C",48353,32.312338,-100.418108
"C",48355,27.740032,-97.516214
"C",48357,36.278744,-100.815864
"C",48359,35.401921,-102.59762
"C",48361,30.122323,-93.8941
"C",48363,32.752204,-98.317967
"C",48365,32.163978,-94.305156
"C",48367,32.777096,-97.805905
"C",48369,34.532163,-102.784853
"C",48371,30.773298,-102.718153
"C",48373,30.784553,-94.837338
"C",48375,35.398675,-101.893804
"C",48377,30.005891,-104.261619
"C",48379,32.87058,-95.79544
"C",48381,34.962529,-101.895547
"C",48383,31.375191,-101.514395
"C",48385,29.830097,-99.812549
"C",48387,33.619625,-95.048429
"C",48389,31.308366,-103.712706
"C",48391,28.322116,-97.162472
"C",48393,35.838596,-100.836682
"C",48395,31.025481,-96.514941
"C",48397,32.898677,-96.404402
"C",48399,31.845119,-99.982715
"C",48401,32.109423,-94.756382
"C",48403,31.3433,-93.851913
"C",48405,31.382449,-94.16318
"C",48407,30.574388,-95.163136
"C",48409,28.011794,-97.517157
"C",48411,31.155138,-98.819292
"C",48413,30.896233,-100.527216
"C",48415,32.744353,-100.913346
"C",48417,32.74382,-99.347005
"C",48419,31.790139,-94.142579
"C",48421,36.278593,-101.899265
"C",48423,32.377016,-95.270041
"C",48425,32.218071,-97.769217
"C",48427,26.530903,-98.740235
"C",48429,32.738052,-98.839344
"C",48431,31.835773,-101.054911
"C",48433,33.17958,-100.253807
"C",48435,30.522185,-100.513359
"C",48437,34.526319,-101.743865
"C",48439,32.772119,-97.291224
"C",48441,32.297126,-99.89043
"C",48443,30.232343,-102.072513
"C",48445,33.171229,-102.339284
"C",48447,33.170695,-99.205796
"C",48449,33.214599,-94.966783
"C",48451,31.398823,-100.463788
"C",48453,30.239513,-97.69127
"C",48455,31.096675,-95.151687
"C",48457,30.769295,-94.375656
"C",48459,32.735349,-94.941184
"C",48461,31.353816,-102.041546
"C",48463,29.350308,-99.768427
"C",48465,29.875285,-101.143324
"C",48467,32.558787,-95.836906
"C",48469,28.79637,-96.971198
"C",48471,30.743163,-95.569825
"C",48473,30.01359,-95.982149
"C",48475,31.513069,-103.105113
"C",48477,30.215075,-96.410272
"C",48479,27.760799,-99.340752
"C",48481,29.27848,-96.229674
"C",48483,35.392593,-100.253107
"C",48485,33.988212,-98.70801
"C",48487,34.08492,-99.24244
"C",48489,26.481861,-97.594731
"C",48491,30.649082,-97.605065
"C",48493,29.173883,-98.086734
"C",48495,31.832862,-103.054925
"C",48497,33.219095,-97.653997
"C",48499,32.783588,-95.382166
"C",48501,33.162398,-102.832242
"C",48503,33.158778,-98.67839
"C",48505,26.996981,-99.182603
"C",48507,28.864652,-99.75983
"C",49001,38.357535,-113.238948
"C",49003,41.276061,-113.126226
"C",49005,41.734117,-111.745399
"C",49007,39.673284,-110.588484
"C",49009,40.890099,-109.505785
"C",49011,41.037559,-112.201943
"C",49013,40.289393,-110.429584
"C",49015,39.009025,-110.7211
"C",49017,37.831664,-111.450908
"C",49019,38.974326,-109.57345
"C",49021,37.909304,-113.30674
"C",49023,39.71412,-112.790471
"C",49025,37.275089,-111.815329
"C",49027,38.956744,-113.133092
"C",49029,41.091027,-111.577885
"C",49031,38.335881,-112.129375
"C",49033,41.627598,-111.240227
"C",49035,40.667883,-111.92424
"C",49037,37.602633,-109.791574
"C",49039,39.382531,-111.572883
"C",49041,38.746824,-111.81193
"C",49043,40.87206,-110.968486
"C",49045,40.467753,-113.123979
"C",49047,40.125887,-109.517748
"C",49049,40.120425,-111.668508
"C",49051,40.334884,-111.161568
"C",49053,37.262531,-113.4878
"C",49055,38.25984,-110.990877
"C",49057,41.270325,-111.876883
"C",50001,44.031248,-73.141581
"C",50003,43.035325,-73.11146
"C",50005,44.468791,-72.112168
"C",50007,44.463329,-73.06941
"C",50009,44.724021,-71.732736
"C",50011,44.858964,-72.909402
"C",50013,44.801787,-73.300759
"C",50015,44.603704,-72.638922
"C",50017,44.003392,-72.369687
"C",50019,44.828442,-72.25163
"C",50021,43.580858,-73.038202
"C",50023,44.274988,-72.609514
"C",50025,42.995335,-72.721955
"C",50027,43.572685,-72.598821
"C",51001,37.765944,-75.757807
"C",51003,38.024184,-78.553506
"C",51005,37.787905,-80.008669
"C",51007,37.331927,-77.977462
"C",51009,37.629304,-79.154667
"C",51011,37.370725,-78.81094
"C",51013,38.878337,-77.100703
"C",51015,38.171911,-79.147557
"C",51017,38.068368,-79.731203
"C",51019,37.312257,-79.527223
"C",51021,37.130612,-81.125853
"C",51023,37.565482,-79.797546
"C",51025,36.764204,-77.861483
"C",51027,37.26812,-82.038151
"C",51029,37.573928,-78.529169
"C",51031,37.210152,-79.095428
"C",51033,38.030319,-77.352348
"C",51035,36.731963,-80.727831
"C",51036,37.361054,-77.05417
"C",51037,37.009042,-78.658568
"C",51041,37.378434,-77.585847
"C",51043,39.115307,-77.990748
"C",51045,37.473603,-80.231051
"C",51047,38.48593,-77.956476
"C",51049,37.520189,-78.252836
"C",51051,37.136701,-82.34922
"C",51053,37.073498,-77.635492
"C",51057,37.93948,-76.941871
"C",51059,38.82952,-77.273252
"C",51061,38.744096,-77.8215
"C",51063,36.931433,-80.350266
"C",51065,37.830584,-78.283494
"C",51067,36.991186,-79.882715
"C",51069,39.20366,-78.263829
"C",51071,37.318072,-80.698321
"C",51073,37.403541,-76.523505
"C",51075,37.718814,-77.917626
"C",51077,36.652229,-81.215324
"C",51079,38.297981,-78.470163
"C",51081,36.680336,-77.560277
"C",51083,36.766461,-78.939614
"C",51085,37.760215,-77.491317
"C",51087,37.631269,-77.651922
"C",51089,36.781479,-79.759231
"C",51091,38.366243,-79.564472
"C",51093,36.901418,-76.707569
"C",51095,37.324837,-76.777888
"C",51097,37.717772,-76.905581
"C",51099,38.27718,-77.162636
"C",51101,37.70826,-77.091054
"C",51103,37.704843,-76.412663
"C",51105,36.701721,-83.130112
"C",51107,39.0812,-77.638898
"C",51109,37.972704,-77.959795
"C",51111,36.945555,-78.240528
"C",51113,38.412059,-78.276961
"C",51115,37.425348,-76.268808
"C",51117,36.687256,-78.368959
"C",51119,37.606975,-76.528082
"C",51121,37.175534,-80.387791
"C",51125,37.789079,-78.88344
"C",51127,37.510158,-76.999326
"C",51131,37.302775,-75.924018
"C",51133,37.856974,-76.379687
"C",51135,37.141167,-78.053866
"C",51137,38.250193,-78.009622
"C",51139,38.623209,-78.491872
"C",51141,36.667138,-80.286413
"C",51143,36.821721,-79.398502
"C",51145,37.549404,-77.912855
"C",51147,37.224881,-78.432957
"C",51149,37.187325,-77.220993
"C",51153,38.701119,-77.479579
"C",51155,37.063385,-80.713444
"C",51157,38.684522,-78.168824
"C",51159,37.942894,-76.730561
"C",51161,37.343588,-79.943996
"C",51163,37.814517,-79.447754
"C",51165,38.507585,-78.885321
"C",51167,36.93342,-82.095934
"C",51169,36.712776,-82.613624
"C",51171,38.856204,-78.573987
"C",51173,36.842318,-81.539786
"C",51175,36.720068,-77.103813
"C",51177,38.182431,-77.657226
"C",51179,38.413261,-77.451334
"C",51181,37.119761,-76.880172
"C",51183,36.926645,-77.259732
"C",51185,37.125395,-81.562924
"C",51187,38.908221,-78.207594
"C",51191,36.747814,-81.950322
"C",51193,38.109311,-76.803933
"C",51195,36.974561,-82.62156
"C",51197,36.899867,-81.083001
"C",51199,37.219081,-76.561648
"C",51510,38.819251,-77.08367
"C",51520,36.616954,-82.157564
"C",51530,37.729345,-79.358134
"C",51540,38.037658,-78.485381
"C",51550,36.679376,-76.301788
"C",51570,37.261685,-77.396804
"C",51580,37.78106,-79.985434
"C",51590,36.583334,-79.408071
"C",51595,36.696182,-77.535975
"C",51600,38.853183,-77.299025
"C",51610,38.884722,-77.175603
"C",51620,36.684014,-76.941396
"C",51630,38.299272,-77.486658
"C",51640,36.66564,-80.914308
"C",51650,37.047961,-76.297293
"C",51660,38.436255,-78.873303
"C",51670,37.29101,-77.298944
"C",51678,37.782332,-79.44432
"C",51680,37.399016,-79.195458
"C",51683,38.746808,-77.482633
"C",51685,38.768945,-77.448767
"C",51690,36.683527,-79.863647
"C",51700,37.076136,-76.52198
"C",51710,36.923015,-76.244641
"C",51720,36.931549,-82.625996
"C",51730,37.20473,-77.392368
"C",51735,37.12836,-76.303534
"C",51740,36.859339,-76.356973
"C",51750,37.120119,-80.559147
"C",51760,37.531399,-77.476009
"C",51770,37.278458,-79.958174
"C",51775,37.285333,-80.055241
"C",51790,38.157978,-79.061876
"C",51800,36.697157,-76.634781
"C",51810,36.779985,-76.025208
"C",51820,38.067157,-78.90142
"C",51830,37.269481,-76.708193
"C",51840,39.173869,-78.176356
"C",53001,47.011238,-118.512861
"C",53003,46.181861,-117.227781
"C",53005,46.228125,-119.516659
"C",53007,47.860974,-120.619041
"C",53009,48.110903,-123.88986
"C",53011,45.77173,-122.485953
"C",53013,46.29285,-117.911634
"C",53015,46.196785,-122.67846
"C",53017,47.741763,-119.694622
"C",53019,48.473256,-118.533589
"C",53021,46.53458,-118.906944
"C",53023,46.429478,-117.536711
"C",53025,47.213633,-119.467788
"C",53027,47.113732,-123.826735
"C",53029,48.158554,-122.670649
"C",53031,47.805708,-123.527057
"C",53033,47.490599,-121.833996
"C",53035,47.639595,-122.649634
"C",53037,47.124441,-120.676709
"C",53039,45.870446,-120.779305
"C",53041,46.580071,-122.377444
"C",53043,47.582743,-118.417692
"C",53045,47.354126,-123.17385
"C",53047,48.548453,-119.742235
"C",53049,46.556587,-123.782419
"C",53051,48.543825,-117.232191
"C",53053,47.051413,-122.15324
"C",53055,48.50719,-123.103769
"C",53057,48.493292,-121.81577
"C",53059,46.024785,-121.953232
"C",53061,48.070464,-121.936784
"C",53063,47.620375,-117.403371
"C",53065,48.388727,-117.854454
"C",53067,46.935822,-122.830152
"C",53069,46.294638,-123.424458
"C",53071,46.254606,-118.48037
"C",53073,48.842653,-121.836432
"C",53075,46.905944,-117.53539
"C",53077,46.456558,-120.740145
"C",54001,39.139725,-79.996947
"C",54003,39.447938,-78.037754
"C",54005,38.022814,-81.713538
"C",54007,38.69933,-80.73166
"C",54009,40.272645,-80.578691
"C",54011,38.419578,-82.243397
"C",54013,38.844159,-81.115478
"C",54015,38.459826,-81.081866
"C",54017,39.26348,-80.701232
"C",54019,38.030933,-81.086051
"C",54021,38.915867,-80.849413
"C",54023,39.105988,-79.195064
"C",54025,37.924418,-80.45059
"C",54027,39.312139,-78.611989
"C",54029,40.516958,-80.570164
"C",54031,39.011361,-78.841729
"C",54033,39.279182,-80.386498
"C",54035,38.834234,-81.677717
"C",54037,39.307398,-77.86322
"C",54039,38.328068,-81.523516
"C",54041,38.988877,-80.495477
"C",54043,38.17177,-82.077623
"C",54045,37.830591,-81.940853
"C",54047,37.382727,-81.658183
"C",54049,39.505839,-80.243402
"C",54051,39.854426,-80.671794
"C",54053,38.770914,-82.029007
"C",54055,37.403448,-81.106456
"C",54057,39.404781,-78.95669
"C",54059,37.721161,-82.158989
"C",54061,39.633645,-80.059074
"C",54063,37.554062,-80.550329
"C",54065,39.555002,-78.257345
"C",54067,38.291432,-80.797515
"C",54069,40.098932,-80.620728
"C",54071,38.67445,-79.340617
"C",54073,39.368133,-81.161172
"C",54075,38.332606,-80.010121
"C",54077,39.46903,-79.668865
"C",54079,38.510513,-81.906109
"C",54081,37.762469,-81.264672
"C",54083,38.781095,-79.867788
"C",54085,39.177112,-81.066317
"C",54087,38.74295,-81.354494
"C",54089,37.655999,-80.856325
"C",54091,39.332478,-80.046554
"C",54093,39.111175,-79.559968
"C",54095,39.465634,-80.877219
"C",54097,38.90253,-80.231606
"C",54099,38.143642,-82.422666
"C",54101,38.483459,-80.449052
"C",54103,39.59818,-80.635399
"C",54105,39.020034,-81.382975
"C",54107,39.211602,-81.516234
"C",54109,37.60366,-81.549032
"C",55001,43.973757,-89.767228
"C",55003,46.544424,-90.679691
"C",55005,45.437192,-91.852892
"C",55007,46.634199,-91.177282
"C",55009,44.474024,-87.99613
"C",55011,44.385633,-91.761294
"C",55013,45.866897,-92.37573
"C",55015,44.07841,-88.212132
"C",55017,45.069092,-91.283505
"C",55019,44.739346,-90.609953
"C",55021,43.471882,-89.330472
"C",55023,43.24991,-90.95123
"C",55025,43.067468,-89.417852
"C",55027,43.429628,-88.701939
"C",55029,45.093417,-87.048683
"C",55031,46.463218,-91.892477
"C",55033,44.947751,-91.897645
"C",55035,44.726355,-91.286414
"C",55037,45.871828,-88.406988
"C",55039,43.754722,-88.493284
"C",55041,45.666881,-88.773326
"C",55043,42.870028,-90.694229
"C",55045,42.675522,-89.605074
"C",55047,43.780247,-88.97038
"C",55049,43.001021,-90.133691
"C",55051,46.32655,-90.261298
"C",55053,44.32459,-90.79951
"C",55055,43.013804,-88.773985
"C",55057,43.932836,-90.113984
"C",55059,42.579703,-87.425005
"C",55061,44.501032,-87.163304
"C",55063,43.908222,-91.111758
"C",55065,42.655578,-90.130292
"C",55067,45.262381,-89.067725
"C",55069,45.338417,-89.742309
"C",55071,44.156137,-87.577352
"C",55073,44.898036,-89.757823
"C",55075,45.346899,-87.991198
"C",55077,43.826053,-89.409095
"C",55078,44.991304,-88.669251
"C",55079,43.01766,-87.481554
"C",55081,43.945175,-90.619969
"C",55083,44.996575,-88.206516
"C",55085,45.716176,-89.534533
"C",55087,44.418226,-88.464988
"C",55089,43.360752,-87.499304
"C",55091,44.627436,-91.83489
"C",55093,44.725336,-92.426279
"C",55095,45.462041,-92.447066
"C",55097,44.476246,-89.49807
"C",55099,45.679072,-90.35965
"C",55101,42.754122,-87.420877
"C",55103,43.376199,-90.435693
"C",55105,42.66988,-89.075284
"C",55107,45.472734,-91.136745
"C",55109,45.028959,-92.447284
"C",55111,43.428001,-89.943318
"C",55113,45.864913,-91.14713
"C",55115,44.789641,-88.755813
"C",55117,43.741232,-87.731516
"C",55119,45.211656,-90.504853
"C",55121,44.30305,-91.358867
"C",55123,43.599366,-90.821983
"C",55125,46.049848,-89.501254
"C",55127,42.66811,-88.541731
"C",55129,45.892489,-91.796422
"C",55131,43.391156,-88.232917
"C",55133,43.018368,-88.30424
"C",55135,44.478004,-88.967005
"C",55137,44.112823,-89.239786
"C",55139,44.085707,-88.668149
"C",55141,44.461413,-90.038825
"C",56001,41.665514,-105.721883
"C",56003,44.525117,-107.994848
"C",56005,44.191999,-105.517014
"C",56007,41.70359,-106.933153
"C",56009,42.984623,-105.524752
"C",56011,44.589266,-104.567298
"C",56013,43.054831,-108.608935
"C",56015,42.089455,-104.35354
"C",56017,43.720209,-108.435076
"C",56019,44.044048,-106.588541
"C",56021,41.29283,-104.660395
"C",56023,42.229993,-110.682961
"C",56025,42.977645,-106.768219
"C",56027,43.062159,-104.468373
"C",56029,44.492387,-109.593597
"C",56031,42.131593,-104.953963
"C",56033,44.781369,-106.881211
"C",56035,42.767928,-109.91617
"C",56037,41.660328,-108.875677
"C",56039,44.048662,-110.426087
"C",56041,41.284726,-110.558947
"C",56043,43.878831,-107.669052
"C",56045,43.846213,-104.57002
"C",72001,18.181611,-66.758165
"C",72003,18.375681,-67.183707
"C",72005,18.480191,-67.143762
"C",72007,18.256524,-66.128496
"C",72009,18.130647,-66.263974
"C",72011,18.286905,-67.131282
"C",72013,18.434004,-66.674994
"C",72015,17.97206,-66.041945
"C",72017,18.469989,-66.55823
"C",72019,18.200018,-66.309282
"C",72021,18.350722,-66.167747
"C",72023,18.008873,-67.209884
"C",72025,18.211109,-66.050964
"C",72027,18.445469,-66.863134
"C",72029,18.329872,-65.885139
"C",72031,18.396776,-65.968778
"C",72033,18.444614,-66.148819
"C",72035,18.103624,-66.151667
"C",72037,18.273749,-65.530895
"C",72039,18.295913,-66.515588
"C",72041,18.174404,-66.161622
"C",72043,18.1038,-66.357586
"C",72045,18.225032,-66.219481
"C",72047,18.30391,-66.326179
"C",72049,18.326599,-65.30772
"C",72051,18.474376,-66.261973
"C",72053,18.386378,-65.588454
"C",72054,18.373953,-66.560085
"C",72055,17.948052,-66.922989
"C",72057,17.973929,-66.137467
"C",72059,18.005338,-66.798293
"C",72061,18.344357,-66.114056
"C",72063,18.272581,-65.981177
"C",72065,18.441141,-66.79821
"C",72067,18.134695,-67.116199
"C",72069,18.135403,-65.786229
"C",72071,18.48387,-67.014138
"C",72073,18.211152,-66.58687
"C",72075,17.997974,-66.490496
"C",72077,18.224133,-65.908542
"C",72079,17.978511,-67.040111
"C",72081,18.277102,-66.869645
"C",72083,18.227594,-66.97758
"C",72085,18.187148,-65.871189
"C",72087,18.475039,-65.90328
"C",72089,18.367996,-65.709904
"C",72091,18.444646,-66.492884
"C",72093,18.173956,-66.935547
"C",72095,17.999786,-65.896403
"C",72097,18.164126,-67.893333
"C",72099,18.377637,-67.079574
"C",72101,18.319026,-66.420557
"C",72103,18.21107,-65.735749
"C",72105,18.28992,-66.25344
"C",72107,18.218733,-66.436899
"C",72109,18.000311,-65.986642
"C",72111,18.026618,-66.728125
"C",72113,18.001717,-66.606662
"C",72115,18.466357,-66.927603
"C",72117,18.340562,-67.277302
"C",72119,18.376369,-65.798434
"C",72121,18.084483,-66.947609
"C",72123,17.971485,-66.262252
"C",72125,18.1078,-67.037263
"C",72127,18.422249,-66.069081
"C",72129,18.147107,-65.976167
"C",72131,18.331422,-66.970693
"C",72133,17.952922,-66.387588
"C",72135,18.364556,-66.244669
"C",72137,18.45691,-66.193193
"C",72139,18.335387,-66.003787
"C",72141,18.270865,-66.702989
"C",72143,18.436163,-66.336673
"C",72145,18.455128,-66.397883
"C",72147,18.125418,-65.432474
"C",72149,18.130718,-66.472244
"C",72151,18.059858,-65.859871
"C",72153,18.085669,-66.857901
